Workbook

Sheet 1. Summary
B1: Gen3 I Gen3 | C1: Gen2 I Gen3 | D1: Gen3 I Gen2 | E1: Gen2 I Gen2 | F1: Accelerated | G1: H2-FOAM | H1: LC-H2 | I1: H2-Electrode | J1: MLF | K1: Sulfidized | L1: Substrate test | M1: H2-SAF | N1: Production R&D | O1: Long-term test | P1: H2-Giga | Q1: Other
A2: Overall testing time [h] | B2: =SUM('Gen3-Gen3 '!E2:E1048576) -> 34039.25 | C2: =SUM('Gen2-Gen3Ano'!E2:E1048576) -> 29073.64 | D2: =SUM('Gen3Cat-Gen2'!E2:E1048576) -> 27253.322 | E2: =SUM('Gen2-Gen2'!E2:E1048576) -> 29513.72 | F2: =SUM(Accelerated!E2:E1048576) -> 2367 | G2: =SUM('H2-FOAM'!E2:E1048576) -> 2338.5 | H2: =SUM('LC-H2'!E2:E1048576) -> 4960 | I2: =SUM('H2-Electrode'!E2:E1048576) -> 4765.5 | J2: =SUM(MLF!E2:E1048576) -> 1587 | K2: =SUM(Sulfidized!E2:E1048576) -> 36873 | L2: =SUM('Substrate tests'!E2:E1048576) -> 3872 | M2: =SUM('H2-SAF'!E2:E1048576) -> 9822 | N2: =SUM('Production R&D'!E2:E1048576) -> 61488.5 | O2: =SUM('Long term testing'!E2:E1048576)+O4 -> 85948 | P2: =SUM('H2-Giga'!E2:E131) -> 1680 | Q2: =SUM(Other!E2:E10000) -> 5784
A3: Number of IC's | B3: =COUNTA('Gen3-Gen3 '!A2:A1048576) -> 66 | C3: =COUNTA('Gen2-Gen3Ano'!A2:A1048576) -> 433 | D3: {=COUNTA('Gen3Cat-Gen2'!A2:A1048576)} -> 399 | E3: =COUNTA('Gen2-Gen2'!A2:A1048576) -> 153 | F3: =COUNTA(Accelerated!A2:A1048576) -> 11 | G3: =COUNTA('H2-FOAM'!A2:A1048576) -> 61 | H3: =COUNTA('LC-H2'!A2:A1048576) -> 57 | I3: =COUNTA('H2-Electrode'!A2:A1048576) -> 45 | J3: =COUNTA(MLF!A2:A1048576) -> 4 | K3: =COUNTA(Sulfidized!A2:A1048576) -> 108 | L3: =COUNTA('Substrate tests'!A2:A1048576) -> 22 | M3: =COUNTA('H2-SAF'!A2:A1048576) -> 62 | N3: =COUNTA('Production R&D'!A2:A1048576) -> 296 | O3: =COUNTA('Long term testing'!A2:A1048576) -> 48 | P3: =COUNTA('H2-Giga'!A2:A1048576) -> 10 | Q3: =COUNTA(Other!A2:A1048576) -> 21
A4: Still running tests cummulated length [h]
B6: Total testing time [h] | C6: Number of IC's
A7: Live counter | B7: =SUM(B2:Q2) -> 341365.43 | C7: =SUM(B3:Q3) -> 1796
A9: First registered IC_ID in the new system | B9: IC0058_CatPNF_AnoPNF_T90_rho1287_AUX1Cat_AUX2Ano_3-7
A10: Introduction date of the new IC_ID system | B10: 45539
A12: Scoreboard
A13: Date | B13: Days elapsed since ID introduction | C13: Total testing time [h] | D13: Number of IC's
A14: 45659 | B14: =A14-$B$10 -> 120 | C14: - | D14: =219-58 -> 161
A15: 45952 | B15: =A15-$B$10 -> 413 | C15: 203517 | D15: 979
A16: 45964 | B16: =A16-$B$10 -> 425 | C16: 207284.49 | D16: 1004
A17: 46029 | B17: =A17-$B$10 -> 490 | C17: 238051.49 | D17: 1175
A18: 46085 | B18: =A18-$B$10 -> 546 | C18: 291178.95 | D18: 1540
A19: 46163 | B19: =A19-$B$10 -> 624 | C19: 344716.93 | D19: 1723

Sheet Gen2-Gen2
A1: IC_ID | B1: Owner | C1: Assembled by | D1: Disassembled by | E1: Test length [h] | F1: Protocol | G1: Format | H1: Experiment finished on | I1: Notes | J1: Archived in | K1: Plot
A2: IC0132_CatNNF_AnoNNF_rho1287_AUX1Cat_AUX2Ano_3-3 | B2: Balázs | E2: 182 | F2: QC_IC_168h | H2: 31/10/2024 | J2: Production #2 | K2: IC0132_CatNNF_AnoNNF_rho1287_AUX1Cat_AUX2Ano_3-3.png
A3: IC0130_CatNNF_AnoNNF_rho1287_AUX1Cat_AUX2Ano_1-3 | B3: Balázs | E3: 172 | F3: QC_IC_168h | H3: 31/10/2024 | K3: IC0130_CatNNF_AnoNNF_rho1287_AUX1Cat_AUX2Ano_1-3.png
A4: IC0134_CatNNF_AnoNNF_rho1287_AUX1Cat_AUX2Ano_1-8 | B4: Balázs | E4: 171 | F4: QC_IC_168h_v1 | H4: 45393 | I4: It stopped alone while doing a polarization curve and the water level was too low when disassembling it - BUT fitting for baseline | K4: IC0134_CatNNF_AnoNNF_rho1287_AUX1Cat_AUX2Ano_1-8.png
A5: IC0146_CatNNF_AnoNNF_rho1287_AUX1Cat_AUX2Ano_1-3 | B5: Balázs | E5: 60 | F5: QC_IC_168h_v1 | G5: Both | H5: 45454 | I5: Missing data :( | J5: Production #2 | K5: IC0146_CatNNF_AnoNNF_rho1287_AUX1Cat_AUX2Ano_1-3.png
A6: IC0067_CatNF_AnoNF_oldprocedure_T90_rho1287_AUX1Cat_AUX2Ano_3-4 | B6: Balázs | E6: 1144 | F6: 0_ImmersionCellStandardProcedure_DN | G6: Both | H6: 45544 | I6: Too low potential - 1,8V: not fitting for baseline | J6: Production #1 | K6: IC0067_CatNF_AnoNF_oldprocedure_T90_rho1287_AUX1Cat_AUX2Ano_3-4.png
A7: IC0068_CatNF_AnoNF_oldprocedure_T90_rho1287_AUX1Cat_AUX2Ano_3-1 | B7: Balázs | E7: 1005 | F7: 0_ImmersionCellStandardProcedure_DN | G7: Both | H7: 45391 | I7: Dropping temperature: not fitting for baseline | K7: IC0068_CatNF_AnoNF_oldprocedure_T90_rho1287_AUX1Cat_AUX2Ano_3-1.png
A8: IC0070_CatNF_AnoNF_newQC_T90_rho1287_AUX1Ano_AUX2Cat_2-3 | B8: Balázs | E8: 1002 | F8: QC_IC_1000h | G8: Both | H8: 45544 | J8: Production #1 | K8: IC0070_CatNF_AnoNF_newQC_T90_rho1287_AUX1Ano_AUX2Cat_2-3.png
A9: IC0071_CatNF_AnoNF_newQC_T90_rho1287_AUX1Ano_AUX2Cat_2-4 | B9: Balázs | E9: 1002 | F9: QC_IC_1000h | G9: Both | H9: 45544 | J9: Production #1 | K9: IC0071_CatNF_AnoNF_newQC_T90_rho1287_AUX1Ano_AUX2Cat_2-4.png
A10: IC0072_CatNF_AnoNF_oldprocedure_T90_rho1287_AUX1Ano_AUX2Cat_2-1 | B10: Balázs | E10: 1009 | F10: 0_ImmersionCellStandardProcedure_DN | G10: Both | H10: 45605 | J10: Production #1 | K10: IC0072_CatNF_AnoNF_oldprocedure_T90_rho1287_AUX1Ano_AUX2Cat_2-1.png
A11: IC0073_CatNF_AnoNF_newQC_T90_rho1287_AUX1Ano_AUX2Cat_2-2 | B11: Balázs | E11: 1002 | F11: QC_IC_1000h | G11: Both | H11: 45574 | I11: Irregular temperature - do not use for baseline | J11: Production #1 | K11: IC0073_CatNF_AnoNF_newQC_T90_rho1287_AUX1Ano_AUX2Cat_2-2.png
A12: IC0075_CatNF_AnoNF_T90_rho1287_AUX1Ano_AUX2Cat_Mn_inpurity1_1-6 | B12: Anders | E12: 168 | F12: QC_IC_168h | G12: Regular | H12: 16/8/2024 | K12: IC0075_CatNF_AnoNF_T90_rho1287_AUX1Ano_AUX2Cat_Mn_inpurity1_1-6.png
A13: IC0076_CatNF_AnoNF_T90_rho1287_AUX1Ano_AUX2Cat_Mn_inpurity2_1-7 | B13: Anders | E13: 168 | F13: QC_IC_168h | G13: Regular | H13: 16/8/2024 | K13: IC0076_CatNF_AnoNF_T90_rho1287_AUX1Ano_AUX2Cat_Mn_inpurity2_1-7.png
A14: IC0077_CatNF_AnoNF_T90_rho1287_AUX1Ano_AUX2Cat_Mn_inpurity3_1-8 | B14: Anders | E14: 168 | F14: QC_IC_168h | G14: Regular | H14: 16/8/2024 | K14: IC0077_CatNF_AnoNF_T90_rho1287_AUX1Ano_AUX2Cat_Mn_inpurity3_1-8.png
A15: IC0025_CatNNFsesojab_AnoNNF_T90_rho1287_AUX1Cat_AUX2Ano | B15: Soffi | E15: missing | F15: 0_ImmersionCellStandardProcedure_DN | I15: super old measurement, with only anode type foam ONLY the first 90 hours were recorded! | K15: IC0025_CatNNFsesojab_AnoNNF_T90_rho1287_AUX1Cat_AUX2Ano.png
A16: IC0170_CatNNF_AnoNNF_rho1287_AUX1Cat_AUX2_Ano_3-3 | B16: Balázs | E16: 168 | F16: QC_IC_168h | G16: Both | H16: 28/11/2024 | I16: 1 of the 5 NNF samples from the same piece of anode and cathode | J16: Production #2 | K16: IC0170_CatNNF_AnoNNF_rho1287_AUX1Cat_AUX2_Ano_3-3.png
A17: IC0181_CatNNF_AnoNNF_rho1287_AUX1Cat_AUX2Ano_1-6 | B17: Balázs | E17: 168 | F17: QC_IC_168h | G17: Both | H17: 45394 | I17: 1 of the 5 NNF samples from the same piece of anode and cathode | K17: IC0181_CatNNF_AnoNNF_rho1287_AUX1Cat_AUX2Ano_1-6.png
A18: IC0182_CatNNF_AnoNNF_T90_rho1287_AUX1Cat_AUX2Ano_2-5 | B18: Balázs | E18: 168 | F18: QC_IC_168h | G18: Both | H18: 45424 | I18: 1 of the 5 NNF samples from the same piece of anode and cathode | J18: Production #2 | K18: IC0182_CatNNF_AnoNNF_T90_rho1287_AUX1Cat_AUX2Ano_2-5.png
A19: IC0183_CatNNF_AnoNNF_T90_rho1287_AUX1Cat_AUX2Ano_3-4 | B19: Balázs | E19: 168 | F19: QC_IC_168h | G19: Both | H19: 45424 | I19: 1 of the 5 NNF samples from the same piece of anode and cathode | J19: Production #2 | K19: IC0183_CatNNF_AnoNNF_T90_rho1287_AUX1Cat_AUX2Ano_3-4.png
A20: IC0184_CatNNF_AnoNNF_T90_rho1287_AUX1Cat_AUX2Ano_2-7 | B20: Balázs | E20: 168 | F20: QC_IC_168h | G20: Both | H20: 45424 | I20: 1 of the 5 NNF samples from the same piece of anode and cathode | J20: Production #2 | K20: IC0184_CatNNF_AnoNNF_T90_rho1287_AUX1Cat_AUX2Ano_2-7.png
A21: IC0136_CatNNF_AnoNNF_rho1287_AUX1Cat_AUX2Ano_1-5 | B21: Balázs | E21: 1024 | F21: 0_ImmersionCellStandardProcedure_DN | G21: Both | H21: 45577 | I21: old protocol baseline | J21: Production #2 | K21: IC0136_CatNNF_AnoNNF_rho1287_AUX1Cat_AUX2Ano_1-5.png
A22: IC0135_CatNNF_AnoNNF_rho1287_AUX1Cat_AUX2Ano_1-7 | B22: Balázs | E22: 1024 | F22: 0_ImmersionCellStandardProcedure_DN | G22: Both | H22: 45577 | I22: old protocol baseline | J22: Production #2 | K22: IC0135_CatNNF_AnoNNF_rho1287_AUX1Cat_AUX2Ano_1-7.png
A23: IC0205_CatNNF_AnoNNF_rho1287_AUX1Cat_AUX2Ano_2-4 | B23: Mario | E23: 168 | F23: QC_IC_168h | G23: Both | H23: 18/12/24 | I23: new protocol baseline (same piece) | J23: Production #2 | K23: IC0205_CatNNF_AnoNNF_rho1287_AUX1Cat_AUX2Ano_2-4.png
A24: IC0204_CatNNF_AnoNNF_rho1287_AUX1Cat_AUX2Ano_2-3 | B24: Mario | E24: 168 | F24: QC_IC_168h | G24: Both | H24: 18/12/24 | I24: new protocol baseline (same piece) | J24: Production #2 | K24: IC0204_CatNNF_AnoNNF_rho1287_AUX1Cat_AUX2Ano_2-3.png
A25: IC0206_CatNNF_AnoNNF_rho1287_AUX1Cat_AUX2Ano_2-1 | B25: Mario | E25: 168 | F25: QC_IC_168h | G25: Both | H25: 18/12/24 | I25: new protocol baseline, running at 2,5 V - do not use for baseline | J25: Production #2 | K25: IC0206_CatNNF_AnoNNF_rho1287_AUX1Cat_AUX2Ano_2-1.png
A26: IC0207_CatNNF_AnoNNF_rho1287_AUX1Cat_AUX2Ano_1-6 | B26: Balázs | E26: 168 | F26: QC_IC_168h | G26: Both | H26: 20/12/24 | I26: new protocol baseline (same piece) | J26: Production #2 | K26: IC0207_CatNNF_AnoNNF_rho1287_AUX1Cat_AUX2Ano_1-6.png
A27: IC0227_CatNNF_AnoNNF_rho1287_AUX1Cat_AUX2Ano_1-5 | B27: Balázs | E27: 168 | F27: QC_IC_168h | G27: Both | H27: 45664 | I27: new protocol baseline (same piece) | J27: Production #2 | K27: IC0227_CatNNF_AnoNNF_rho1287_AUX1Cat_AUX2Ano_1-5.png
A28: IC0225_CatNNF_AnoNNF_rho1287_AUX1Cat_AUX2Ano_2-1 | B28: Balázs | E28: 168 | F28: QC_IC_168h | G28: Both | H28: 45664 | I28: new protocol baseline (same piece) - battery tester problems at around 100 h - don't use | J28: Production #2
A29: IC0226_CatNNF_AnoNNF_rho1287_AUX1Cat_AUX2Ano_2-3 | B29: Balázs | E29: 168 | F29: QC_IC_168h | G29: Both | H29: 45664 | I29: new protocol baseline (same piece) - battery tester problems at around 100 h - don't use | J29: Production #2
A30: IC0242_CatNNF_AnoNNF_rho1287_AUX1Cat_AUX2Ano_2-1 | B30: Balázs | E30: 168 | F30: QC_IC_168h | G30: Both | H30: 16/1/2025 | I30: new protocol baseline (same piece) | J30: Production #2 | K30: IC0242_CatNNF_AnoNNF_rho1287_AUX1Cat_AUX2Ano_2-1.png
A31: IC0243_CatNNF_AnoNNF_rho1287_AUX1Cat_AUX2Ano_1-5 | B31: Balázs | E31: 168 | F31: QC_IC_168h | G31: Both | H31: 16/1/2025 | I31: new protocol baseline (same piece) | J31: Production #2 | K31: IC0243_CatNNF_AnoNNF_rho1287_AUX1Cat_AUX2Ano_1-5.png
A32: IC0253_CatNNF_AnoNNF_rho1287_AUX1Cat_AUX2Ano_new_58,5hours_protocol_tempconditioning_3-2 | B32: Balázs | E32: 58 | F32: QC_IC_58.5h_temp_cond_v1_TEST_PHASE | G32: Both | H32: 20/1/2025 | I32: new protocol baseline (same piece). New "Step file" | J32: Production #2 | K32: IC0253_CatNNF_AnoNNF_rho1287_AUX1Cat_AUX2Ano_new_58,5hours_protocol_tempconditioning_3-2.png
A33: IC0254_CatNNF_AnoNNF_rho1287_AUX1Cat_AUX2Ano_new_58,5hours_protocol_tempconditioning_3-4 | B33: Balázs | E33: 58 | F33: QC_IC_58.5h_temp_cond_v1_TEST_PHASE | G33: Both | H33: 20/1/2025 | I33: new protocol baseline (same piece). New "Step file" | J33: Production #2 | K33: IC0254_CatNNF_AnoNNF_rho1287_AUX1Cat_AUX2Ano_new_58,5hours_protocol_tempconditioning_3-4.png
A34: IC0258_CatNNF_AnoNNF_rho1287_AUX1Cat_AUX2Ano_new_58,5hours_protocol_tempconditioning_1-1 | B34: Balázs | E34: 58 | F34: QC_IC_58.5h_temp_cond_v1_TEST_PHASE | G34: Both | H34: 20/1/2025 | I34: SAME piece - 58.5-hour-measurement | J34: Production #2 | K34: IC0258_CatNNF_AnoNNF_rho1287_AUX1Cat_AUX2Ano_new_58,5hours_protocol_tempconditioning_1-1.png
A35: IC0259_CatNNF_AnoNNF_rho1287_AUX1Cat_AUX2Ano_new_58,5hours_protocol_tempconditioning_1-5 | B35: Balázs | E35: 58 | F35: QC_IC_58.5h_temp_cond_v1_TEST_PHASE | G35: Both | H35: 20/1/2025 | I35: SAME piece - 58.5-hour-measurement | J35: Production #2 | K35: IC0259_CatNNF_AnoNNF_rho1287_AUX1Cat_AUX2Ano_new_58,5hours_protocol_tempconditioning_1-5.png
A36: IC0260_CatNNF_AnoNNF_rho1287_AUX1Cat_AUX2Ano_new_58,5hours_protocol_tempconditioning_2-1 | B36: Balázs | E36: 58 | F36: QC_IC_58.5h_temp_cond_v1_TEST_PHASE | G36: Both | H36: 20/1/2025 | I36: SAME piece - 58.5-hour-measurement | J36: Production #2 | K36: IC0260_CatNNF_AnoNNF_rho1287_AUX1Cat_AUX2Ano_new_58,5hours_protocol_tempconditioning_2-1.png
A37: IC0208_CatNNF_AnoNNF_rho1287_AUX1Cat_AUX2Ano_1-7 | B37: Balázs | E37: 1091 | F37: 0_ImmersionCellStandardProcedure_DN | G37: Both | H37: 27/1/2025 | I37: SAME piece 2 (old procedure) | J37: Production #2 | K37: IC0208_CatNNF_AnoNNF_rho1287_AUX1Cat_AUX2Ano_1-7.png
A38: IC0209_CatNNF_AnoNNF_rho1287_AUX1Cat_AUX2Ano_1-8 | B38: Balázs | E38: 1091 | F38: 0_ImmersionCellStandardProcedure_DN | G38: Both | H38: 45684 | I38: SAME piece 2 (old procedure) | J38: Production #2 | K38: IC0209_CatNNF_AnoNNF_rho1287_AUX1Cat_AUX2Ano_1-8.png
A39: IC0273_CatNNF_AnoNNF_rho1287_AUX1Cat_AUX2Ano_58,5hours_tempconditioning_12hours_3-5 | B39: Balázs | E39: 70 | F39: QC_IC_58.5h_temp_cond_v1_TEST_PHASE_12_hours | G39: Both | H39: 45691 | I39: SAME piece - 58.5-hour-measurement | J39: Production #2 | K39: IC0273_CatNNF_AnoNNF_rho1287_AUX1Cat_AUX2Ano_58,5hours_tempconditioning_12hours_3-5.png
A40: IC0274_CatNNF_AnoNNF_rho1287_AUX1Cat_AUX2Ano_58,5hours_tempconditioning_12hours_3-6 | B40: Balázs | E40: 70 | F40: QC_IC_58.5h_temp_cond_v1_TEST_PHASE_12_hours | G40: Both | H40: 45691 | I40: SAME piece - 58.5-hour-measurement | J40: Production #2 | K40: IC0274_CatNNF_AnoNNF_rho1287_AUX1Cat_AUX2Ano_58,5hours_tempconditioning_12hours_3-6.png
A41: IC0277_CatNNF_AnoNNF_rho1276_AUX1Cat_AUX2Anonew_58,5hours_tempconditioning_12hours_2-1 | B41: Balázs | E41: 70 | F41: QC_IC_58.5h_temp_cond_v1_TEST_PHASE_12_hours | G41: Both | H41: 45691 | I41: SAME piece - 58.5-hour-measurement | J41: Production #2 | K41: IC0277_CatNNF_AnoNNF_rho1276_AUX1Cat_AUX2Anonew_58,5hours_tempconditioning_12hours_2-1.png
A42: IC0287_CatNNF_AnoNNF_rho1287_AUX1Cat_AUX2Ano_1-1_58.5hour-protocol-6hour-rest-pretreated | B42: Balázs | C42: Gergo | D42: Gergo | E42: 64.3 | F42: QC_IC_58.5h_temp_cond_v1_TEST_PHASE_6_hours | G42: Both | H42: 45695 | I42: SAME piece - 58.5 hour (6 hour rest) With preheated KOH (60 deg) Pretreated samples (3x15 min in ultrasonic bath in 2M HCl then in acetone then in water) | J42: Production #2 | K42: IC0287_CatNNF_AnoNNF_rho1287_AUX1Cat_AUX2Ano_1-1_58.5hour-protocol-6hour-rest-pretreated.png
A43: IC0288_CatNNF_AnoNNF_rho1287_AUX1Cat_AUX2Ano_2-4_58.5hour-protocol-6hour-rest-pretreated | B43: Balázs | C43: Gergo | D43: Gergo | E43: 64.3 | F43: QC_IC_58.5h_temp_cond_v1_TEST_PHASE_6_hours | G43: Both | H43: 45695 | I43: SAME piece - 58.5 hour (6 hour rest) With preheated KOH (60 deg) Pretreated samples (3x15 min in ultrasonic bath in 2M HCl then in acetone then in water) | J43: Production #2 | K43: IC0288_CatNNF_AnoNNF_rho1287_AUX1Cat_AUX2Ano_2-4_58.5hour-protocol-6hour-rest-pretreated.png
A44: IC0289_CatNNF_AnoNNF_rho1287_AUX1Cat_AUX2Ano_2-5_58.5hour-protocol-6hour-rest-pretreated | B44: Balázs | C44: Gergo | D44: Gergo | E44: 64.3 | F44: QC_IC_58.5h_temp_cond_v1_TEST_PHASE_6_hours | G44: Both | H44: 45695 | I44: SAME piece - 58.5 hour (6 hour rest) With preheated KOH (60 deg) Pretreated samples (3x15 min in ultrasonic bath in 2M HCl then in acetone then in water) | J44: Production #2 | K44: IC0289_CatNNF_AnoNNF_rho1287_AUX1Cat_AUX2Ano_2-5_58.5hour-protocol-6hour-rest-pretreated.png
A45: IC0297_CatNNF_AnoNNF_rho1276_AUX1Cat_AUX2Ano_48h-preheatedKOH70_2-3 | B45: Balázs | C45: Gergo | D45: Gergo | E45: 48 | F45: QC_IC_48h...2_hours | G45: Both | H45: 45698 | I45: With preheated KOH(70 deg) and pretreated electrodes. QC_IC_48h...2h Thermoregulator adjusted to 80 deg, then when reached the overshoot value, change it to 90 deg. | J45: Production #2 | K45: IC0297_CatNNF_AnoNNF_rho1276_AUX1Cat_AUX2Ano_48h-preheatedKOH70_2-3.png
A46: IC0298_CatNNF_AnoNNF_rho1276_AUX1Cat_AUX2Ano_48h-preheatedKOH70_2-4 | B46: Balázs | C46: Gergo | D46: Gergo | E46: 48 | F46: QC_IC_48h...2_hours | G46: Both | H46: 45698 | I46: With preheated KOH(70 deg) and pretreated electrodes. QC_IC_48h...2h Thermoregulator adjusted to 80 deg, then when reached the overshoot value, change it to 90 deg. | J46: Production #2 | K46: IC0298_CatNNF_AnoNNF_rho1276_AUX1Cat_AUX2Ano_48h-preheatedKOH70_2-4.png
A47: IC0299_CatNNF_AnoNNF_rho1276_AUX1Cat_AUX2Ano_48h-preheatedKOH70_2-5 | B47: Balázs | C47: Gergo | D47: Gergo | E47: 48 | F47: QC_IC_48h...2_hours | G47: Both | H47: 45698 | I47: With preheated KOH(70 deg) and pretreated electrodes. QC_IC_48h...2h Thermoregulator adjusted to 80 deg, then when reached the overshoot value, change it to 90 deg. | J47: Production #2 | K47: IC0299_CatNNF_AnoNNF_rho1276_AUX1Cat_AUX2Ano_48h-preheatedKOH70_2-5.png
A48: IC0228_CatNNF_AnoNNF_rho1287_AUX1Cat_AUX2Ano_1-6 | B48: Balázs | E48: 1004 | F48: 0_ImmersionCellStandardProcedure_DN | G48: Both | H48: 45701 | I48: baseline for old protocol, same piece 2 | J48: Production #2 | K48: IC0228_CatNNF_AnoNNF_rho1287_AUX1Cat_AUX2Ano_1-6.png
A49: IC0229_CatNNF_AnoNNF_rho1287_AUX1Cat_AUX2Ano_3-1 | B49: Balázs | E49: 983 | F49: 0_ImmersionCellStandardProcedure_DN | G49: Both | H49: 45701 | I49: baseline for old protocol | J49: Production #2 | K49: IC0229_CatNNF_AnoNNF_rho1287_AUX1Cat_AUX2Ano_3-1.png
A50: IC0313_CatNNF_AnoNNF_rho1276_AUX1Cat_AUX2Ano_48h-exp_ONLY-acetone_3-3 | B50: Balázs | D50: Nerea | E50: 48 | F50: QC_IC_48h...2_hours | G50: Both | H50: 45707 | I50: Electrodes were only cleaned in acetone for 15 minutes, then water in 15 minutes in the ultrasonic bath. Preheated KOH (70deg) was used. | J50: Production #2 | K50: IC0313_CatNNF_AnoNNF_rho1276_AUX1Cat_AUX2Ano_48h-exp_ONLY-acetone_3-3.png
A51: IC0314_CatNNF_AnoNNF_rho1276_AUX1Cat_AUX2Ano_48h-exp_ONLY-acetone_3-2 | B51: Balázs | C51: Gergo | D51: Nerea | E51: 48 | F51: QC_IC_48h...2_hours | G51: Both | H51: 45707 | I51: Electrodes were only cleaned in acetone for 15 minutes, then water in 15 minutes in the ultrasonic bath. Preheated KOH (70deg) was used. | J51: Production #2 | K51: IC0314_CatNNF_AnoNNF_rho1276_AUX1Cat_AUX2Ano_48h-exp_ONLY-acetone_3-2.png
A52: IC0312_CatNNF_AnoNNF_rho1276_AUX1Cat_AUX2Ano_48h-exp_ONLY-acetone_3-4 | B52: Balázs | D52: Nerea | E52: 48 | F52: QC_IC_48h...2_hours | G52: Both | H52: 45707 | I52: Electrodes were only cleaned in acetone for 15 minutes, then water in 15 minutes in the ultrasonic bath. Preheated KOH (70deg) was used. | J52: Production #2 | K52: IC0312_CatNNF_AnoNNF_rho1276_AUX1Cat_AUX2Ano_48h-exp_ONLY-acetone_3-4.png
A53: IC0333_CatNNF_AnoNNF_rho1279_AUX1Cat_AUXAno_2-1 | B53: Balázs | C53: Gergo | D53: Gergo | E53: 48 | F53: QC_IC_48h...3_hours | G53: Both | H53: 45712 | I53: Acetone + water pretreatment, preheated (80 deg) KOH | J53: Production #2 | K53: IC0333_CatNNF_AnoNNF_rho1279_AUX1Cat_AUXAno_2-1.png
A54: IC0332_CatNNF_AnoNNF_rho1279_AUX1Cat_AUXAno_2-3 | B54: Balázs | C54: Gergo | D54: Gergo | E54: 48 | F54: QC_IC_48h...3_hours | G54: Both | H54: 45712 | I54: Acetone + water pretreatment, preheated (80 deg) KOH | J54: Production #2 | K54: IC0332_CatNNF_AnoNNF_rho1279_AUX1Cat_AUXAno_2-3.png
A55: IC0331_CatNNF_AnoNNF_rho1279_AUX1Cat_AUXAno_2-4 | B55: Balázs | C55: Gergo | D55: Gergo | E55: 48 | F55: QC_IC_48h...3_hours | G55: Both | H55: 45712 | I55: Acetone + water pretreatment, preheated (80 deg) KOH | K55: IC0331_CatNNF_AnoNNF_rho1279_AUX1Cat_AUXAno_2-4.png
A56: IC0374_CatNNF_AnoNNF_rho1276_AUX1Cat_AUX2Ano_1.8mmTB_3-6 | B56: Balázs | C56: Nerea | D56: Akos | E56: 168 | F56: QC_IC_168h | G56: Both | H56: 45730 | I56: 1.8 mm TEFLON BRACKETS 70 degrees KOH Pretreated anode and cathode | J56: Production #3 | K56: IC0374_CatNNF_AnoNNF_rho1276_AUX1Cat_AUX2Ano_1.8mmTB_3-6.png
A57: IC0375_CatNNF_AnoNNF_rho1276_AUX1Cat_AUX2Ano_1.8mmTB_3-7 | B57: Balázs | C57: Nerea | D57: Akos | E57: 168 | F57: QC_IC_168h | G57: Both | H57: 45730 | I57: 1.8 mm TEFLON BRACKETS 70 degrees KOH Pretreated anode and cathode | J57: Production #3 | K57: IC0375_CatNNF_AnoNNF_rho1276_AUX1Cat_AUX2Ano_1.8mmTB_3-7.png
A58: IC0376_CatNNF_AnoNNF_rho1276_AUX1Cat_AUX2Ano_1.8mmTB_3-8 | B58: Balázs | C58: Nerea | D58: Akos | E58: 168 | F58: QC_IC_168h | G58: Both | H58: 45730 | I58: 1.8 mm TEFLON BRACKETS 70 degrees KOH Pretreated anode and cathode | J58: Production #2 | K58: IC0376_CatNNF_AnoNNF_rho1276_AUX1Cat_AUX2Ano_1.8mmTB_3-8.png
A59: IC0394_CatNNF_AnoNNF_rho1276_AUX1Cat_AUX2Ano_3-5 | B59: Balázs | C59: Nerea | D59: Andrea | E59: 168 | F59: QC_IC_168h | G59: Both | H59: 45734 | I59: 70 degrees KOH Pretreated anode and cathode Started a day after it was assembled because of fire | J59: Production #3 | K59: IC0394_CatNNF_AnoNNF_rho1276_AUX1Cat_AUX2Ano_3-5.png
A60: IC0393_CatNNF_AnoNNF_rho1276_AUX1Cat_AUX2Ano_3-2 | B60: Balázs | C60: Nerea | D60: Andrea | E60: 168 | F60: QC_IC_168h | G60: Both | H60: 45734 | I60: 70 degrees KOH | J60: Production #3 | K60: IC0393_CatNNF_AnoNNF_rho1276_AUX1Cat_AUX2Ano_3-2.png
A61: IC0398_CatNNF_AnoNNF_rho1276_AUX1Cat_AUX2Ano_2-5 | B61: Balázs | C61: Nerea | D61: Nerea | E61: 168 | F61: QC_IC_168h | G61: Both | H61: 45736 | I61: Pretreated anode and cathode and 70 degrees KOH - no temp on, unsuable | J61: Production #3 | K61: IC0398_CatNNF_AnoNNF_rho1276_AUX1Cat_AUX2Ano_2-5.png
A62: IC0399_CatNNF_AnoNNF_rho1276_AUX1Cat_AUX2Ano_2-7 | B62: Balázs | C62: Nerea | D62: Nerea | E62: 168 | F62: QC_IC_168h | G62: Both | H62: 45736 | I62: Pretreated anode and cathode and 70 degrees KOH - declared as non-reliable | J62: Production #3 | K62: IC0399_CatNNF_AnoNNF_rho1276_AUX1Cat_AUX2Ano_2-7.png
A63: IC0400_CatNNF_AnoNNF_rho1276_AUX1Cat_AUX2Ano_2-8 | B63: Balázs | C63: Nerea | D63: Nerea | E63: 168 | F63: QC_IC_168h | G63: Both | H63: 45736 | I63: Pretreated anode and cathode and 70 degrees KOH | J63: Production #3 | K63: IC0400_CatNNF_AnoNNF_rho1276_AUX1Cat_AUX2Ano_2-8.png
A64: IC0426_CatNNF_AnoNNF_rho1276_AUX1Cat_AUX2Ano_GEN4_Membrane_3-1 | B64: Balázs | C64: Nerea | D64: Gergo | E64: 168 | F64: QC_IC_168h | G64: Both | H64: 45744 | I64: Gen 4 membrane was used. | J64: Production #3 | K64: IC0426_CatNNF_AnoNNF_rho1276_AUX1Cat_AUX2Ano_GEN4_Membrane_3-1.png
A65: IC0427_CatNNF_AnoNNF_rho1276_AUX1Cat_AUX2Ano_GEN4_Membrane_3-2 | B65: Balázs | C65: Nerea | D65: Gergo | E65: 168 | F65: QC_IC_168h | G65: Both | H65: 45744 | I65: Gen 4 membrane was used. | J65: Production #3 | K65: IC0427_CatNNF_AnoNNF_rho1276_AUX1Cat_AUX2Ano_GEN4_Membrane_3-2.png
A66: IC0428_CatNNF_AnoNNF_rho1276_AUX1Cat_AUX2Ano_GEN4_Membrane_3-3 | B66: Balázs | C66: Nerea | D66: Gergo | E66: 168 | F66: QC_IC_168h | G66: Both | H66: 45744 | I66: Gen 4 membrane was used. | J66: Production #3 | K66: IC0428_CatNNF_AnoNNF_rho1276_AUX1Cat_AUX2Ano_GEN4_Membrane_3-3.png
A67: IC0423_CatNNF_AnoNNF_rho1276_AUX1Cat_AUX2Ano_1.8mmTB_3-5 | B67: Balázs | C67: Nerea | D67: Gergo | E67: 168 | F67: QC_IC_168h | G67: Both | H67: 45744 | I67: 1.8 mm TB (Teflon brackets) - declared as non-reliable | J67: Production #3 | K67: IC0423_CatNNF_AnoNNF_rho1276_AUX1Cat_AUX2Ano_1.8mmTB_3-5.png
... A75: IC0534_CatNNF_AnoNNF_rho1276_AUX1Cat_AUX2Ano_2mmTB_5-6 | B75: Balázs | C75: Aleksandra | D75: Nerea | E75: 168 | F75: QC_IC_168h | G75: Custom format | H75: 45777 | I75: 2mm TB | J75: Production #3 | K75: IC0534_CatNNF_AnoNNF_rho1276_AUX1Cat_AUX2Ano_2mmTB_5-6.png
A76: IC0549_CatNNF_AnoNNF_rho1276_AUX1Cat_AUX2Ano_2-8 | B76: Balázs | C76: Gergo | D76: Gergo | E76: 72 | F76: QC_IC_168h | G76: Custom format | H76: 45778 | I76: Production #1 | K76: IC0549_CatNNF_AnoNNF_rho1276_AUX1Cat_AUX2Ano_2-8.png
A77: IC0550_CatNNF_AnoNNF_rho1276_AUX1Cat_AUX2Ano_4-2 | B77: Balázs | C77: Gergo | D77: Gergo | E77: 72 | F77: QC_IC_168h | G77: Custom format | H77: 45778 | I77: NEW batch of Gen3 membrane test. 2 of 3. Experiment was stopped due to unexpected/wrong potential values (Channel 4-2). Experiment is continued on channel 3-7 as IC0571. | K77: IC0550_CatNNF_AnoNNF_rho1276_AUX1Cat_AUX2Ano_4-2.png
A78: IC0539_CatNNF_AnoNNF_rho1276_AUX1Cat_AUX2Ano_5-7_2MM | B78: Balázs | C78: Carmine | D78: Peter Hilt | E78: 168 | F78: QC_IC_168h | G78: Custom format | H78: 45779 | I78: pretreated cathode and anode, 2mm brackets | J78: Production #3 | K78: IC0539_CatNNF_AnoNNF_rho1276_AUX1Cat_AUX2Ano_5-7_2MM.png
A79: IC0541_CatNNF_AnoNNF_rho1276_AUX1Cat_AUX2Ano_5-8_2MM | B79: Balázs | C79: Akos | D79: Peter Hilt | E79: 168 | F79: QC_IC_168h | G79: Custom format | H79: 45779 | I79: pretreated, preheated,2mm brackets | K79: IC0541_CatNNF_AnoNNF_rho1276_AUX1Cat_AUX2Ano_5-8_2MM.png
A80: IC0571_CatNNF_AnoNNF_rho1276_AUX1Cat_AUX2Ano_3-7 | B80: Balázs | C80: Gergo | D80: Aleksandra | E80: 0.79513889 | F80: QC_IC_168h | G80: Custom format | H80: 45779 | I80: NEW batch of Gen3 membrane test. Pretreated electrodes, preheated beaker and KOH. 2 of 3. Continued measurement of IC0550 (Channel 4-2) due to unexpected values. Experiment is continued on channel 5-7 as IC0573 | K80: IC0571_CatNNF_AnoNNF_rho1276_AUX1Cat_AUX2Ano_3-7.png
A81: IC0570_CatNNF_AnoNNF_rho1276_AUX1Cat_AUX2Ano_3-8 | B81: Balázs | C81: Gergo | D81: Aleksandra | E81: 0.79513889 | F81: QC_IC_168h | G81: Custom format | H81: 45779 | I81: NEW batch of Gen3 membrane test. 1 of 3. Pretreated electrodes, preheated beaker and KOH. Continued measurement of IC0549 (Channel 2-8) due to unexpected values. Experiment is continued on channel 5-8 as IC0574 | K81: IC0570_CatNNF_AnoNNF_rho1276_AUX1Cat_AUX2Ano_3-8.png
A82: IC0574_CatNNF_AnoNNF_rho1276_AUX1Cat_AUX2Ano_5-8 | B82: Balázs | C82: Gergo | D82: Carmine | E82: 72 | F82: _QC_IC_168h_v1.xml | G82: Custom format | H82: 45782 | I82: NEW batch of Gen3 membrane test. 1 of 3. Pretreated electrodes, preheated beaker and KOH. Originally IC0549 (Channel 2-8), then IC0570 (Channel 3-8). Stopped to test main in 4-7 | K82: IC0574_CatNNF_AnoNNF_rho1276_AUX1Cat_AUX2Ano_5-8.png
A83: IC0551_CatNNF_AnoNNF_rho1276_AUX1Cat_AUX2Ano_4-6 | B83: Balázs | C83: Gergo | D83: Nerea | E83: 168 | F83: QC_IC_168h | G83: Custom format | H83: 45782 | I83: NEW batch of Gen3 membrane test. 3 of 3. Non-pretreated electrodes. | J83: Production #3 | K83: IC0551_CatNNF_AnoNNF_rho1276_AUX1Cat_AUX2Ano_4-6.png
A84: IC0564_CatNNF_AnoNNF_rho1276_AUX1Cat_AUX2Ano_GEN4_5-6 | B84: Balázs | C84: Nerea | D84: Carmine | E84: 168 | F84: QC_IC_168h | G84: Custom format | H84: 45785 | I84: GEN4 "gray bag" test, non-pretreated anode and cathode | J84: Production #3 | K84: IC0564_CatNNF_AnoNNF_rho1276_AUX1Cat_AUX2Ano_GEN4_5-6.png
A85: IC0563_CatNNF_AnoNNF_rho1276_AUX1Cat_AUX2Ano_GEN4_4-3 | B85: Balázs | C85: Nerea | D85: Carmine | E85: 168 | F85: QC_IC_168h | G85: Custom format | H85: 45785 | I85: GEN4 "gray bag" test, non-pretreated anode and cathode | J85: Production #3 | K85: IC0563_CatNNF_AnoNNF_rho1276_AUX1Cat_AUX2Ano_GEN4_4-3.png
A86: IC0573_CatNNF_AnoNNF_rho1276_AUX1Cat_AUX2Ano_5-7 | B86: Balázs | C86: Gergo | D86: Aleksandra | E86: 168 | F86: QC_IC_168h | G86: Custom format | H86: 45786 | I86: NEW batch of Gen3 membrane test. 1 of 3. Pretreated electrodes, preheated beaker and KOH. Originally IC0550 (Channel 4-2), then IC0571 (Channel 3-7). | J86: Production #3 | K86: IC0573_CatNNF_AnoNNF_rho1276_AUX1Cat_AUX2Ano_5-7.png
A87: IC0597_CatNNF_AnoNNF_rho1279_AUX1Cat_AUX2Ano_4-1 | B87: Balázs | C87: Aleksandra | D87: Carmine | E87: 62.5 | F87: QC_IC_168h | G87: Custom format | H87: 45789 | I87: 'grey bag'' separator, pretreated anode + cathode, cut using the old stamp, preheated KOH - constantly increasing voltage values | J87: Production #3 | K87: IC0597_CatNNF_AnoNNF_rho1279_AUX1Cat_AUX2Ano_4-1.png
A88: IC0578_CatNNF_AnoNNF_rho1276_AUX1Nan_AUX2Nan_4-7 | B88: Balázs | C88: Gergo | D88: Carmine | E88: 74.5 | F88: QC_IC_168h | G88: Custom format | H88: 45789 | I88: NEW batch of Gen3 membrane test. 1 of 3. Pretreated electrodes, preheated beaker and KOH. Originally IC0549 (Channel 2-8), then IC0570 (Channel 3-8) and then IC574 (from channel 5-8) | J88: Production #3 | K88: IC0578_CatNNF_AnoNNF_rho1276_AUX1Nan_AUX2Nan_4-7.png
A89: IC0586_CatNNF_AnoNNF_rho1279_AUX1Cat_AUX2Ano_4-3 | B89: Balázs | C89: Carmine | D89: Carmine | E89: - | F89: QC_IC_168h | G89: Custom format | H89: 45789 | I89: Data overwritten avter cable test NEW batch of Gen3 membrane test. 1 of 2. Pretreated electrodes, preheated beaker and KOH. | J89: Production #3
A90: IC0584_CatNNF_AnoNNF_rho1276_AUX1Cat_AUX2Ano_5-8 | B90: Balázs | C90: Carmine | E90: 168 | F90: QC_IC_168h | G90: Custom format | H90: 45789 | K90: IC0584_CatNNF_AnoNNF_rho1276_AUX1Cat_AUX2Ano_5-8.png
A91: IC0602_CatNNF_AnoNNF_rho1279_AUX1Cat_AUX2Ano_4-1 | B91: Balázs | C91: Carmine | D91: Carmine | E91: 168 | F91: QC_IC_168h | G91: Custom format | H91: 45797 | I91: NEW batch of Gen3 membrane. 2 of 2. Pretreated electrodes, preheated beaker and KOH. | J91: Production #3 | K91: IC0602_CatNNF_AnoNNF_rho1279_AUX1Cat_AUX2Ano_4-1.png
A92: IC0598_CatNNF_AnoNNF_rho1279_AUX1Cat_AUX2Ano_4-2 | B92: Balázs | C92: Carmine | D92: Carmine | E92: 168 | F92: QC_IC_168h | G92: Custom format | H92: 45797 | I92: NEW batch of Gen3 membrane. 1 of 2. Pretreated electrodes, preheated beaker and KOH. | J92: Production #3 | K92: IC0598_CatNNF_AnoNNF_rho1279_AUX1Cat_AUX2Ano_4-2.png
A93: IC0610_CatNNF_AnoNNF_rho1279_AUX1NaN_AUX2NaN_5-8 | B93: Balázs | C93: Gergo | D93: Aleksandra | E93: 168 | F93: QC_IC_168h | G93: Custom format | H93: 45797 | I93: NEW backplates, wires and 4 wire connetions! 5 of 5 | J93: Production #3 | K93: IC0610_CatNNF_AnoNNF_rho1279_AUX1NaN_AUX2NaN_5-8.png
A94: IC0615_CatNNF_AnoNNF_rho1279_AUX1NaN_AUX2NaN_4-2 | B94: Balázs | C94: Carmine | D94: Peter Hilt | E94: 168 | F94: QC_IC_168h | G94: Custom format | H94: 45799 | I94: EXperiment terminated, Pretreated electrodes, preheated beaker and KOH. | J94: Production #3 | K94: IC0615_CatNNF_AnoNNF_rho1279_AUX1NaN_AUX2NaN_4-2.png
A95: IC0607_CatNNF_AnoNNF_rho1279_AUX1NaN_AUX2NaN_1-7 | B95: Balázs | C95: Gergo | D95: Aleksandra | E95: 168 | F95: QC_IC_168h | G95: Custom format | H95: 45800 | I95: NEW backplates, wires and 4 wire connetions! 2 of 5 | J95: Production #3 | K95: IC0607_CatNNF_AnoNNF_rho1279_AUX1NaN_AUX2NaN_1-7.png
A96: IC0606_CatNNF_AnoNNF_rho1279_AUX1NaN_AUX2NaN_1-6 | B96: Balázs | C96: Gergo | D96: Aleksandra | E96: 168 | F96: QC_IC_168h | G96: Custom format | H96: 45800 | I96: NEW backplates, wires and 4 wire connetions! 1 of 5 | J96: Production #3 | K96: IC0606_CatNNF_AnoNNF_rho1279_AUX1NaN_AUX2NaN_1-6.png
A97: IC0609_CatNNF_AnoNNF_rho1279_AUX1NaN_AUX2NaN_3-8 | B97: Balázs | C97: Gergo | D97: Aleksandra | E97: 168 | F97: QC_IC_168h | G97: Custom format | H97: 45800 | I97: NEW backplates, wires and 4 wire connetions! 4 of 5 | J97: Production #3 | K97: IC0609_CatNNF_AnoNNF_rho1279_AUX1NaN_AUX2NaN_3-8.png
A98: IC0608_CatNNF_AnoNNF_rho1279_AUX1NaN_AUX2NaN_2-7 | B98: Balázs | C98: Gergo | D98: Aleksandra | E98: 168 | F98: QC_IC_168h | G98: Custom format | H98: 45800 | I98: NEW backplates, wires and 4 wire connetions! 3 of 5 | J98: Production #3 | K98: IC0608_CatNNF_AnoNNF_rho1279_AUX1NaN_AUX2NaN_2-7.png
A99: IC0614_CatNNF_AnoNNF_rho1279_AUX1NaN_AUX2NaN_4-4 | B99: Balázs | C99: Peter Hilt | D99: Carmine | E99: 168 | F99: QC_IC_168h | G99: Custom format | H99: 45803 | I99: Pretreated NNF anode and cathode ,and preheated beaker and KOH, test of Neware plastic gold plated clips. | J99: Production #3 | K99: IC0614_CatNNF_AnoNNF_rho1279_AUX1NaN_AUX2NaN_4-4.png
A100: IC0613_CatNNF_AnoNNF_rho1279_AUX1NaN_AUX2NaN_5-1 | B100: Balázs | C100: Peter Hilt | D100: Carmine | E100: 168 | F100: QC_IC_168h | G100: Custom format | H100: 45803 | I100: Pretreated NNF anode and cathode ,and preheated beaker and KOH, test of Neware plastic gold plated clips. | J100: Production #3 | K100: IC0613_CatNNF_AnoNNF_rho1279_AUX1NaN_AUX2NaN_5-1.png
A101: IC0611_CatNNF_AnoNNF_rho1279_AUX1NaN_AUX2NaN_1-3 | B101: Balázs | C101: Aleksandra | D101: Carmine | E101: 168 | F101: QC_IC_168h | G101: Custom format | H101: 45803 | I101: Pretreated NNF anode and cathode ,and preheated beaker and KOH, test of Neware plastic gold plated clips. | J101: Production #3 | K101: IC0611_CatNNF_AnoNNF_rho1279_AUX1NaN_AUX2NaN_1-3.png
A102: IC0612_CatNNF_AnoNNF_rho1279_AUX1NaN_AUX2NaN_2-4 | B102: Balázs | C102: Aleksandra | D102: Carmine | E102: 168 | F102: QC_IC_168h | G102: Custom format | H102: 45803 | I102: Pretreated NNF anode and cathode ,and preheated beaker and KOH, test of Neware plastic gold plated clips. | J102: Production #3 | K102: IC0612_CatNNF_AnoNNF_rho1279_AUX1NaN_AUX2NaN_2-4.png
... A109: IC0662_CatNNF_AnoNNF_rho1279_AUX1NaN_AUX2Nan_5-7 | B109: Balázs | C109: Aleksandra | D109: Nerea | E109: 168 | F109: QC_IC_168h | G109: Custom format | H109: 45820 | I109: pretreated NNF electrodes, preheated beaker and cathode, for baseline measurement 3/3 | J109: Production #3 | K109: IC0662_CatNNF_AnoNNF_rho1279_AUX1NaN_AUX2Nan_5-7.png
A110: IC0694_CatNNF_AnoNNF_rho1279_AUX1NaN_AUX2NaN_2-3_1.8MM | B110: Balázs | C110: Akos | D110: Gergo | E110: 168 | F110: QC_IC_168h | G110: Custom format | H110: 45832 | I110: 1.8 mm brackets | J110: Production #3
A111: IC0695_CatNNF_AnoNNF_rho1279_AUX1NaN_AUX2NaN_2-7_1.8MM | B111: Balázs | C111: Akos | D111: Gergo | E111: 168 | F111: QC_IC_168h | G111: Custom format | H111: 45832 | I111: 1.8 mm brackets | J111: Production #3
A112: IC0696_CatNNF_AnoNNF_rho1279_AUX1NaN_AUX2NaN_2-1_1.8TB | B112: Balázs | C112: Nerea | D112: Gergo | E112: 168 | F112: QC_IC_168h | G112: Custom format | H112: 45833 | I112: 1.8 mm brackets | J112: Production #3
A113: IC0697_CatNNF_AnoNNF_rho1279_AUX1NaN_AUX2NaN_2-5_1.8TB | B113: Balázs | C113: Nerea | D113: Gergo | E113: 168 | F113: QC_IC_168h | G113: Custom format | H113: 45833 | I113: 1.8 mm brackets | J113: Production #3
...

Sheet Gen3-Gen3 
A1: IC_ID | B1: Owner | C1: Assembled by | D1: Disassembled by | E1: Test length [h] | F1: Protocol | G1: Format | H1: Experiment finished on | I1: Notes | J1: Archived in | K1: Plot
A2: IC0057_CatPNF_AnoPNF_T90_rho1287_AUX1Cat_AUX2Ano_3-6 | B2: Balázs | E2: 2605 | F2: 0_ImmersionCellStandardProcedure_DN | G2: Both | H2: 24/08/2024 | J2: Production #1 | K2: IC0057_CatPNF_AnoPNF_T90_rho1287_AUX1Cat_AUX2Ano_3-6.png
A3: IC0057_CatPNF_AnoPNF_T90_rho1287_AUX1Cat_AUX2Ano_restart_3-6 | B3: Balázs | E3: 180 | F3: 0_ImmersionCellStandardProcedure_DN | G3: Both | H3: 12/09/2024 | K3: IC0057_CatPNF_AnoPNF_T90_rho1287_AUX1Cat_AUX2Ano_restart_3-6.png
A4: IC0058_CatPNF_AnoPNF_T90_rho1287_AUX1Cat_AUX2Ano_3-7 | B4: Balázs | E4: 2605 | F4: 0_ImmersionCellStandardProcedure_DN | G4: Both | H4: 24/08/2024 | J4: Production #1 | K4: IC0058_CatPNF_AnoPNF_T90_rho1287_AUX1Cat_AUX2Ano_3-7.png
A5: IC0058_CatPNF_AnoPNF_T90_rho1287_AUX1Cat_AUX2Ano_restart_3-7 | B5: Balázs | E5: 189 | F5: 0_ImmersionCellStandardProcedure_DN | G5: Both | H5: 12/09/2024 | K5: IC0058_CatPNF_AnoPNF_T90_rho1287_AUX1Cat_AUX2Ano_restart_3-7.png
A6: IC0059_CatPNF_AnoPNF_T90_rho1287_AUX1Cat_AUX2Ano_3-8 | B6: Balázs | E6: 2605 | F6: 0_ImmersionCellStandardProcedure_DN | G6: Both | H6: 24/08/2024 | J6: Production #1 | K6: IC0059_CatPNF_AnoPNF_T90_rho1287_AUX1Cat_AUX2Ano_3-8.png
A7: IC0059_CatPNF_AnoPNF_T90_rho1287_AUX1Cat_AUX2Ano_restart_3-8 | B7: Balázs | E7: 189 | F7: 0_ImmersionCellStandardProcedure_DN | G7: Both | H7: 45635 | K7: IC0059_CatPNF_AnoPNF_T90_rho1287_AUX1Cat_AUX2Ano_restart_3-8.png
A8: IC0060_CatA001385_AnoA001385_T90_rho1287_AUX1Cat_AUX2Ano_3-5 | B8: Balázs | E8: 1002 | F8: QC_IC_1000h | G8: Both | H8: 23/08/2024 | J8: Production #1 | K8: IC0060_CatA001385_AnoA001385_T90_rho1287_AUX1Cat_AUX2Ano_3-5.png
A9: IC0061_CatA001385_AnoA001385_T90_rho1287_AUX1Cat_AUX2Ano_2-8 | B9: Balázs | E9: 524 | F9: QC_IC_1000h | G9: Both | H9: 29/08/2024 | J9: Production #1 | K9: IC0061_CatA001385_AnoA001385_T90_rho1287_AUX1Cat_AUX2Ano_2-8.png
A10: IC0062_CatPNF_AnoPNF_T90_rho1287_AUX1Cat_AUX2Ano_1-3 | B10: Balázs | E10: 403 | F10: 0_ImmersionCellStandardProcedure_DN | G10: Regular | H10: 45479 | J10: Production #1 | K10: IC0062_CatPNF_AnoPNF_T90_rho1287_AUX1Cat_AUX2Ano_1-3.png
A11: IC0063_CatPNF_AnoPNF_T90_rho1287_AUX1Cat_AUX2Ano_1-5 | B11: Balázs | E11: 403 | F11: 0_ImmersionCellStandardProcedure_DN | G11: Regular | H11: 45479 | J11: Production #1 | K11: IC0063_CatPNF_AnoPNF_T90_rho1287_AUX1Cat_AUX2Ano_1-5.png
A12: IC0064_CatPNF_AnoPNF_T90_AUX1Ano_AUX2Cat_1-1 | B12: Balázs | E12: 646 | F12: QC_IC_1000h | G12: Regular | H12: 45481 | J12: Production #1 | K12: IC0064_CatPNF_AnoPNF_T90_AUX1Ano_AUX2Cat_1-1.png
A13: IC0065_CatPNF_AnoPNF_T90_rho1287_AUX1Cat_AUX2Ano_1-8 | B13: Balázs | E13: 381 | F13: Constant 0,8A? | G13: Regular | H13: 45479 | I13: Stored in two files, IC0065_..._1-8_1 continues just after IC0065_..._1-8 is finished (total time is the time of the two files) | J13: Production #1
A14: IC0066_CatPNF_AnoPNF_T90_rho1287_AUX1Cat_AUX2Ano_3-3 | B14: Balázs | E14: 382 | F14: 0_ImmersionCellStandardProcedure_DN | G14: Regular | H14: 13/06/2024 | I14: Stored also in two files, confusion in time, data loss in the middle (141 hours in the beginning can be used) | J14: Production #1 | K14: IC0066_CatPNF_AnoPNF_T90_rho1287_AUX1Cat_AUX2Ano_3-3.png
A15: IC0069_CatA1427_AnoA1950_T90_rho1287_AUX1Ano_AUX2Cat_2-7 | B15: Balázs | E15: 218 | F15: QC_IC_1000h | G15: Regular | H15: 45481 | J15: Production #1 | K15: IC0069_CatA1427_AnoA1950_T90_rho1287_AUX1Ano_AUX2Cat_2-7.png
A16: IC0074_Cat2243_Ano2454_T90_rho1287_AUX1Ano_AUX2Cat_1-5 | B16: Mario | E16: 1002 | F16: QC_IC_1000h | G16: Both | H16: 19/9/2024 | J16: Production #1 | K16: IC0074_Cat2243_Ano2454_T90_rho1287_AUX1Ano_AUX2Cat_1-5.png
A17: IC0078_Cat2516_Ano2516_T90_rho1287_AUX1Ano_AUX2Cat_1-2 | B17: Balázs | E17: 884 | F17: QC_IC_1000h | G17: Both | H17: 19/9/2024 | I17: Bad batch/patches on the electrode | J17: Production #1 | K17: IC0078_Cat2516_Ano2516_T90_rho1287_AUX1Ano_AUX2Cat_1-2.png
A18: IC0084_CatA001022_AnoA002575_T90_rho1287_AUX1Cat_AUX2Ano_3-1 | B18: Filippo | E18: 131 | F18: QC_IC_1000h | G18: Both | H18: 11/09/2024 | J18: Production #1 | K18: IC0084_CatA001022_AnoA002575_T90_rho1287_AUX1Cat_AUX2Ano_3-1.png
A19: IC0087_Cat2875_Ano_2797_T90_rho1287_AUX1Ano_AUX2_Cat_2-3 - BAD | B19: Balázs | E19: 168 | F19: QC_IC_168h | G19: Both | H19: 17/09/2024 | J19: Production #1 | K19: IC0087_Cat2875_Ano_2797_T90_rho1287_AUX1Ano_AUX2_Cat_2-3 - BAD.png
A20: IC0088_Cat2800_Ano2500_T90_rho1287_AUX1Ano_AUX2_Cat_2-4 | B20: Balázs | E20: 168 | F20: QC_IC_168h | G20: Both | H20: 17/09/2024 | J20: Production #1 | K20: IC0088_Cat2800_Ano2500_T90_rho1287_AUX1Ano_AUX2_Cat_2-4.png
A21: IC0089_Cat2218_Ano_2403_T90_rho1287_AUX1Ano_AUX2_Cat_2-8 | B21: Balázs | E21: 168 | F21: QC_IC_168h | G21: Both | H21: 17/09/2024 | I21: Stopped by voltage peak | J21: Production #1 | K21: IC0089_Cat2218_Ano_2403_T90_rho1287_AUX1Ano_AUX2_Cat_2-8.png
A22: IC0095_Cat2850_Ano_2550_T90_rho1287_AUX1Ano_AUX2_Cat_3-6 | B22: Balázs | E22: 168 | F22: QC_IC_168h | G22: Both | H22: 22/09/2024 | I22: do not use | J22: Production #1 | K22: IC0095_Cat2850_Ano_2550_T90_rho1287_AUX1Ano_AUX2_Cat_3-6.png
A23: IC0096_Cat2835_Ano_2525_T90_rho1287_AUX1Ano_AUX2_Cat_3-5 | B23: Balázs | E23: 168 | F23: QC_IC_168h | G23: Both | H23: 24/09/2024 | J23: Production #1 | K23: IC0096_Cat2835_Ano_2525_T90_rho1287_AUX1Ano_AUX2_Cat_3-5.png
A24: IC0097_Cat2904_Ano_2525_T90_rho1287_AUX1Ano_AUX2_Cat_3-3 | B24: Mario | E24: 168 | F24: QC_IC_168h | G24: Both | H24: 23/09/2024 | J24: Production #1 | K24: IC0097_Cat2904_Ano_2525_T90_rho1287_AUX1Ano_AUX2_Cat_3-3.png
A25: IC0098_Cat2903_Ano_2525_T90_rho1287_AUX1Ano_AUX2_Cat_3-1 | B25: Mario | E25: 168 | F25: QC_IC_168h | G25: Both | H25: 23/09/2024 | I25: sylgard | J25: Production #1 | K25: IC0098_Cat2903_Ano_2525_T90_rho1287_AUX1Ano_AUX2_Cat_3-1.png
A26: IC0169_CatA2830_AnoA1577_rho1287_AUX1Cat_AUX2Ano_3-8 | B26: Mario | E26: 168 | F26: QC_IC_168h | G26: Both | H26: 28/11/2024 | I26: sylgard | J26: Production #2 | K26: IC0169_CatA2830_AnoA1577_rho1287_AUX1Cat_AUX2Ano_3-8.png
A27: IC0302_CatA3296_Ano_A2797_rho1276_AUX1Cat_AUX2Ano_PRECONDITIONED_PART1_70degKOH_2-3 | B27: Balázs | C27: Gergo | D27: Gergo | E27: 72 | F27: Preconditioning_1st_part | G27: Both | H27: 45705 | I27: Preconditioned sample (15% KOH), made with preheated KOH (70deg). Thermoreg. first adjusted to 80, then to 90deg! | K27: IC0302_CatA3296_Ano_A2797_rho1276_AUX1Cat_AUX2Ano_PRECONDITIONED_PART1_70degKOH_2-3.png
A28: IC0304_CatA3306_AnoA3125_rho1276_AUX1Cat_AUX2Ano_PRECONDITIONED_PART1_3-5 | B28: Balázs | C28: Gergo | D28: Gergo | E28: 72 | F28: Preconditioning_1st_part | G28: Both | H28: 45705 | I28: Preconditioned sample (15% KOH), made with preheated KOH (70deg). Thermoreg. first adjusted to 80, then to 90deg! | K28: IC0304_CatA3306_AnoA3125_rho1276_AUX1Cat_AUX2Ano_PRECONDITIONED_PART1_3-5.png
A29: IC0306_CatA3298_AnoA3200_rho1276_AUX1Cat_AUX2Ano_PRECONDITIONED_PART1_3-7 | B29: Balázs | C29: Gergo | D29: Gergo | E29: 72 | F29: Preconditioning_1st_part | G29: Both | H29: 45705 | I29: Preconditioned sample (15% KOH), made with preheated KOH (70deg). Thermoreg. first adjusted to 80, then to 90deg! | K29: IC0306_CatA3298_AnoA3200_rho1276_AUX1Cat_AUX2Ano_PRECONDITIONED_PART1_3-7.png
A30: IC0316_CatA3306_AnoA3125_rho1276_AUX1Cat_AUX2Ano_PRECONDITIONED_PART2_3-5 | B30: Balázs | C30: Gergo | D30: Julie | E30: 13.5 | F30: Preconditioning_2nd_part | G30: Both | H30: 45706 | I30: Preconditioned sample (15% KOH), made with preheated KOH (70deg). Thermoreg. first adjusted to 80, then to 90deg! | K30: IC0316_CatA3306_AnoA3125_rho1276_AUX1Cat_AUX2Ano_PRECONDITIONED_PART2_3-5.png
A31: IC0305_CatA3298_AnoA3200_rho1276_AUX1Cat_AUX2Ano_3-6 | B31: Balázs | C31: Gergo | D31: Julie | E31: 79.5 | F31: No Preconditioning_72h+polcurve | G31: Both | H31: 45706 | I31: NO preconditioning! Made with preheated KOH (70deg). Thermoreg. first adjusted to 80, then to 90deg! | K31: IC0305_CatA3298_AnoA3200_rho1276_AUX1Cat_AUX2Ano_3-6.png
A32: IC0317_CatA3298_AnoA3200_rho1276_AUX1Cat_AUX2Ano_PRECONDITIONED_PART2_3-7 | B32: Balázs | C32: Gergo | D32: Julie | E32: 13.5 | F32: Preconditioning_2nd_part | G32: Both | H32: 45706 | I32: Preconditioned sample (15% KOH), made with preheated KOH (70deg). Thermoreg. first adjusted to 80, then to 90deg! | K32: IC0317_CatA3298_AnoA3200_rho1276_AUX1Cat_AUX2Ano_PRECONDITIONED_PART2_3-7.png
A33: IC0301_CatA3296_AnoA2797_rho1276_AUX1Cat_AUX2Ano_3-8 | B33: Balázs | C33: Gergo | D33: Julie | E33: 79.5 | F33: No Preconditioning_72h+polcurve | G33: Both | H33: 45706 | I33: NO preconditioning! Made with preheated KOH (70deg). Thermoreg. first adjusted to 80, then to 90deg! | K33: IC0301_CatA3296_AnoA2797_rho1276_AUX1Cat_AUX2Ano_3-8.png
A34: IC0315_CatA3296_Ano_A2797_rho1276_AUX1Cat_AUX2Ano_PRECONDITIONED_PART2_70degKOH_2-3 | B34: Balázs | C34: Gergo | D34: Julie | E34: 13.5 | F34: Preconditioning_2nd_part | G34: Both | H34: 45706 | I34: Preconditioned sample (15% KOH), made with preheated KOH (70deg). Thermoreg. first adjusted to 80, then to 90deg! | K34: IC0315_CatA3296_Ano_A2797_rho1276_AUX1Cat_AUX2Ano_PRECONDITIONED_PART2_70degKOH_2-3.png
A35: IC0303_CatA3306_AnoA3125_rho1276_AUX1Cat_AUX2Ano_2-4 | B35: Balázs | C35: Gergo | D35: Julie | E35: 79.5 | F35: No Preconditioning_72h+polcurve | G35: Both | H35: 45706 | I35: NO preconditioning! Made with preheated KOH (70deg). Thermoreg. first adjusted to 80, then to 90deg! | K35: IC0303_CatA3306_AnoA3125_rho1276_AUX1Cat_AUX2Ano_2-4.png
A36: IC0323_CatA3298_AnoA3200_rho1276_AUX1Cat_AUX2Ano_PRECOND-v2-Part1_3-5 | B36: Balázs | C36: Gergo | D36: Gergo | E36: 72 | F36: Preconditioning_1st_part_v2 | G36: Both | H36: 45712 | I36: Preconditioned (v2 - Part 1) sample with preheated (80deg) 15% KOH. | K36: IC0323_CatA3298_AnoA3200_rho1276_AUX1Cat_AUX2Ano_PRECOND-v2-Part1_3-5.png
A37: IC0324_CatA3306_AnoA3125_rho1276_AUX1Cat_AUX2Ano_PRECOND-v2-Part1_3-6 | B37: Balázs | C37: Gergo | D37: Gergo | E37: 72 | F37: Preconditioning_1st_part_v2 | G37: Both | H37: 45712 | I37: Preconditioned (v2 - Part 1) sample with preheated (80deg) 15% KOH. | K37: IC0324_CatA3306_AnoA3125_rho1276_AUX1Cat_AUX2Ano_PRECOND-v2-Part1_3-6.png
A38: IC0325_CatA3296_AnoA2797_rho1276_AUX1Cat_AUX2Ano_PRECOND-v2-Part1_3-7 | B38: Balázs | C38: Gergo | D38: Gergo | E38: 72 | F38: Preconditioning_1st_part_v2 | G38: Both | H38: 45712 | I38: Preconditioned (v2 - Part 1) sample with preheated (80deg) 15% KOH. | K38: IC0325_CatA3296_AnoA2797_rho1276_AUX1Cat_AUX2Ano_PRECOND-v2-Part1_3-7.png
A39: IC0340_CatA3298_AnoA3200_rho1276_AUX1Cat_AUX2Ano_PRECOND-v2-Part2_3-5 | B39: Balázs | C39: Gergo | D39: Gergo | E39: 79.5 | F39: Preconditioning_2nd_part_v2 | G39: Both | H39: 45716 | I39: Preconditioned (v2 - Part 2) sample with preheated (70deg) 30% KOH. | J39: Production #2 | K39: IC0340_CatA3298_AnoA3200_rho1276_AUX1Cat_AUX2Ano_PRECOND-v2-Part2_3-5.png
A40: IC0341_CatA3306_AnoA3125_rho1276_AUX1Cat_AUX2Ano_PRECOND-v2-Part2_3-6 | B40: Balázs | C40: Gergo | D40: Gergo | E40: 79.5 | F40: Preconditioning_2nd_part_v2 | G40: Both | H40: 45716 | I40: Preconditioned (v2 - Part 2) sample with preheated (70deg) 30% KOH. | J40: Production #2 | K40: IC0341_CatA3306_AnoA3125_rho1276_AUX1Cat_AUX2Ano_PRECOND-v2-Part2_3-6.png
A41: IC0342_CatA3296_AnoA2797_rho1276_AUX1Cat_AUX2Ano_PRECOND-v2-Part2_3-7 | B41: Balázs | C41: Gergo | D41: Gergo | E41: 79.5 | F41: Preconditioning_2nd_part_v2 | G41: Both | H41: 45716 | I41: Preconditioned (v2 - Part 2) sample with preheated (70deg) 30% KOH. | J41: Production #2 | K41: IC0342_CatA3296_AnoA2797_rho1276_AUX1Cat_AUX2Ano_PRECOND-v2-Part2_3-7.png
A42: IC0957_CatB757-TR_AnoB578-TR_rho1279_1-8_Part1 | B42: Balázs | C42: Carmine | E42: 168 | F42: New_Preconditioning_v1.0_168h | G42: Custom | H42: 45936 | I42: preconditioning test, preheated KOH and beaker. 1 of 3; on 1st of October I changed the stirring speed from 120 to 270 /Aleksandra. Part1
A43: IC0959_CatB757-TR_AnoB578-TR_rho1279_2-1_Part1 | B43: Balázs | C43: Daniel | E43: 168 | F43: New_Preconditioning_v1.0_168h | G43: Custom | H43: 45936 | I43: preconditioning test, preheated KOH and beaker. 2 of 3. Part1
A44: IC0958_CatB757-TR_AnoB578-TR_rho1279_2-2_Part1 | B44: Balázs | C44: Carmine | E44: 168 | F44: New_Preconditioning_v1.0_168h | G44: Custom | H44: 45936 | I44: It was used as aged sample for degradation study in half cells. preconditioning test, preheated KOH and beaker. 3 of 3. Part1 | J44: Long Term (white R&D Binder)
A45: IC0966_CatB757-TR_AnoB578-TR_rho1279_1-6_Aqfa | B45: Balázs | C45: Ola | D45: Julie | E45: 329.5 | F45: _QC_IC_3000h_v1 | G45: Custom | H45: 45945 | I45: Cathode consumed by XRD analysis with Rasmus (sample 2) aqfa zerfone utp 500 separator was soaked in 1M KOH before assembling, 3000h test. Taken of before time because of unusefull data | J45: Long Term (white R&D Binder)
A46: IC0967_CatB757-TR_AnoB578-TR_rho1279_1-7_Aqfa | B46: Balázs | C46: Peter | D46: Julie | E46: 329.5 | F46: _QC_IC_3000h_v1 | G46: Custom | H46: 45945 | I46: It was used as aged sample for degradation study in half cells. aqfa zerfone utp 500 separator was soaked in 1M KOH before assembling, 3000h test. Taken of before time because of unusefull data | J46: Long Term (white R&D Binder)
A47: IC0960_CatB757-TR_AnoB578-TR_rho1279_3-4_Cu-contamination | B47: Balázs | C47: Daniel | D47: Oniel | E47: 398 | F47: _QC_IC_3000h_v1 | G47: Custom | H47: 45946 | I47: 3000h test, preheated KOH and beaker. Copper contamination test. | J47: Long Term (white R&D Binder)
A48: IC0957_CatB757-TR_AnoB578-TR_rho1279_1-8_precon_part2 | B48: Balázs | C48: Carmine | D48: Oniel | E48: 568 | F48: _QC_IC_3000h_v1 | G48: Custom | H48: 45960 | I48: Cathode used for ECSA meausrment in half cell + XRD. preconditioning test, preheated KOH and beaker. 1 of 3; on 1st of October I changed the stirring speed from 120 to 270 /Aleksandra | J48: Long Term (white R&D Binder)
A49: IC0958_CatB757-TR_AnoB578-TR_rho1279_2-2_precon_part2 | B49: Balázs | C49: Daniel | D49: Oniel | E49: 568 | F49: _QC_IC_3000h_v1 | G49: Custom | H49: 45960 | I49: preconditioning test, preheated KOH and beaker. 2 of 3 | J49: Long Term (white R&D Binder)
A50: IC0959_CatB757-TR_AnoB578-TR_rho1279_2-1_precon_part2 | B50: Balázs | C50: Carmine | D50: Oniel | E50: 567 | F50: _QC_IC_3000h_v1 | G50: Custom | H50: 45960 | I50: preconditioning test, preheated KOH and beaker. 3 of 3 | J50: Long Term (white R&D Binder)
A51: IC1059_CatB757-TR_AnoB578-TR_rho1279_3-7_80C | B51: Balázs | C51: Daniel | D51: Aleksandra | E51: 599 | F51: _QC_IC_3000h_v1 | G51: Custom | H51: 45992 | I51: Test running at 80 C. | J51: Production #6
A52: IC1058_CatB757-TR_AnoB578-TR_rho1279_3-8_75C | B52: Balázs | C52: Daniel | D52: Aleksandra | E52: 599 | F52: _QC_IC_3000h_v1 | G52: Custom | H52: 45992 | I52: Test running at 75 C. | J52: Production #6
A53: IC1092_CatB4325-TR-VFMC_AnoB3525-TR-VFMC_rho1279_5-5 | B53: Balázs | C53: Oniel | D53: Daniel | E53: 473 | F53: _QC_IC_3000h_v1 | G53: Custom | H53: 45995 | I53: Very few microcracks, 3000h test, preheated beaker and KOH. P3, 2025.11.25 stirring was turned on at 09:00 dont know how long it was off for. | J53: Production #7
A54: IC1087_CatB4599-TR-LC_AnoB4149-TR-LC_rho1279_1-5 | B54: Balázs | C54: Bardia | D54: Daniel | E54: 474 | F54: _QC_IC_3000h_v1 | G54: Custom | H54: 45995 | I54: Less Cracked, 3000hr test, preheated beaker and KOH, P2 | J54: Production #8
A55: IC1088_CatB4599-TR-LC_AnoB4149-TR-LC_rho1279_2-3 | B55: Balázs | C55: Bardia | D55: Daniel | E55: 474 | F55: _QC_IC_3000h_v1 | G55: Custom | H55: 45995 | I55: Less Cracked, 3000hr test, P3 | J55: Production #8
A56: IC1089_CatB2963-TR-MC_AnoB3282-TR-MC_rho1279_2-5 | B56: Balázs | C56: Oniel | D56: Daniel | E56: 474 | F56: _QC_IC_3000h_v1 | G56: Custom | H56: 45995 | I56: Microcracks, 3000h test, preheated beaker and KOH, p2 | J56: Production #8
... A60: IC1060_CatB757-TR_AnoB578-TR_rho1279_3-6_85C | B60: Balázs | C60: Daniel | D60: Oniel | E60: 1510 | F60: _QC_IC_3000h_v2_without_pol_curves.xml | G60: Custom | H60: 46030 | I60: Cathode is consumed by XRD analysis with Rasmus (sample 3) and it was used as aged sample for degradation study in half cells. Test running at 85 C | J60: Production #7
A61: IC1290_CatB757-BR-P2_AnoNNF_rho1281_2-6 | B61: Balazs | C61: Bardia | D61: Oniel | E61: 137 | F61: _QC_IC_3000h_v3 | G61: Custom | H61: 46049 | I61: Stopped due to heating plate malfunction, 3000h Test, preheated beaker, preheated KOH, cathodic cleaned NNF anode
A62: IC1048_CatB3233-TR_AnoB3908-TR-C_rho1279_1-8 | B62: Balazs | C62: Bardia | D62: Carmine | E62: 2308 | F62: _QC_IC_3000h_v1 | G62: Custom | H62: 46057 | I62: Both anode and cathode is cracked test. preheated KOH and beaker. 1 of 3 Electrolyte changed at 1000 hours to new KOH with density 1,281 g/cm3 | J62: Long Term Test
A63: IC1050_CatB3233-TR_AnoB3908-TR-C_rho1279_2-2 | B63: Balazs | C63: Bardia | D63: Carmine | E63: 2308 | F63: _QC_IC_3000h_v1 | G63: Custom | H63: 46057 | I63: Both anode and cathode is cracked test. Preheated KOH and beaker. 3 of 3 Electrolyte changed at 1000 hours to new KOH with density 1,281 g/cm3 | J63: Long Term Test
A64: IC1049_CatB3233-TR_AnoB3908-TR-C_rho1279_3-4 | B64: Balazs | C64: Bardia | D64: Carmine | E64: 1322 | F64: _QC_IC_3000h_v1 | G64: Custom | H64: 46057 | I64: Both anode and cathode is cracked test. preheated KOH and beaker. 2 of 3 Electrolyte changed at 1000 hours to new KOH with density 1,281 g/cm3. Also due to heating plate failure it was moved from channel 2-1 to 3-4. Its the continuation of experiment: IC1049_CatB3233-TR_AnoB3908-TR-C_rho1279_2-1 | J64: Long Term Test
A65: IC1049_CatB3233-TR_AnoB3908-TR-C_rho1279_2-1 | B65: Balazs | C65: Bardia | D65: Carmine | E65: 908 | F65: _QC_IC_3000h_v1 | G65: Custom | H65: 45999 | I65: Both anode and cathode is cracked test. preheated KOH and beaker. 2 of 3 Electrolyte changed at 1000 hours to new KOH with density 1,281 g/cm3. Also due to heating plate failure it was moved from channel 2-1 to 3-4. The experiment continuated as experiment: IC1049_CatB3233-TR_AnoB3908-TR-C_rho1279_3-4
A66: IC1578_CatB757-BR-P7_AnoB578-BR-P11_rho1282_4-1 | B66: Balazs | C66: Marcus | D66: Marcus | E66: 45.42 | F66: _QC_IC_168h_v1.xml | G66: Custom | H66: 46115 | I66: Gen3-Gen3 electrodes to test whether NNF is the problem to poor Anode data | J66: Production #9
A67: IC1573_CatB575-BR-P8_AnoB578-BR-P12_rhoLab-Grade_4-2 | B67: Balazs | C67: Marcus | D67: Marcus | E67: 42.33 | F67: _QC_IC_168h_v1.xml | G67: Custom | H67: 46115 | I67: IC with two control sample electrodes and new electrolyte containing 88% purity KOH to test why anodes are failing | J67: Production #9, IC number has been used twice

Sheet Gen2-Gen3Ano
A1: IC_ID | B1: Owner | C1: Assembled by | D1: Disassembled by | E1: Test length [h] | F1: Protocol | G1: Format | H1: Experiment finished on | I1: Notes | J1: Archived in | K1: Plot
A2: IC0100_CatNNF_Ano_A2797_T90_rho1287_AUX1Ano_AUX2_Cat_3-8 | B2: Balázs | E2: 168 | F2: QC_IC_168h | G2: Both | H2: 29/09/2024 | I2: Sample is taken from the dark spot. | J2: Production #1 | K2: IC0100_CatNNF_Ano_A2797_T90_rho1287_AUX1Ano_AUX2_Cat_3-8.png
A3: IC0101_CatNNF_Ano_2378_T90_rho1287_AUX1Ano_AUX2_Cat_2-8 | B3: Balázs | E3: 168 | F3: QC_IC_168h | G3: Both | I3: Sample is taken from the dark spot. Temperature is not measured after app. 50 hours. | J3: Production #1 | K3: IC0101_CatNNF_Ano_2378_T90_rho1287_AUX1Ano_AUX2_Cat_2-8.png
A4: IC0102_CatNNF_Ano2797_T90_rho1287_AUX1Ano_AUX2_Cat_2-4 | B4: Balázs | E4: 168 | F4: QC_IC_168h | G4: Both | I4: Sample is taken from the bright spot. | J4: Production #1 | K4: IC0102_CatNNF_Ano2797_T90_rho1287_AUX1Ano_AUX2_Cat_2-4.png
A5: IC0104_CatNNF_Ano2378_T90_rho1287_AUX1Ano_AUX2_Cat_3-6 | B5: Balázs | E5: 168 | F5: QC_IC_168h | G5: Both | I5: Sample is taken from the bright spot. | J5: Production #1 | K5: IC0104_CatNNF_Ano2378_T90_rho1287_AUX1Ano_AUX2_Cat_3-6.png
A6: IC0140_CatNNF_AnoA003050_T90_rho1287_AUX1NaN_AUX2NaN_3-7 | B6: Balázs | E6: 168 | F6: QC_IC_168h | G6: Both | I6: Sudden voltage drop between 20 and 48 hours. - do not use | J6: Production #2 | K6: IC0140_CatNNF_AnoA003050_T90_rho1287_AUX1NaN_AUX2NaN_3-7.png
A7: IC0141_CatNNF_AnoA003025_rho1287_AUX1Cat_AUX2Ano_3-6 | B7: Balázs | E7: 168 | F7: QC_IC_168h | G7: Both | I7: Fluctuating temperature - do not use | J7: Production #2 | K7: IC0141_CatNNF_AnoA003025_rho1287_AUX1Cat_AUX2Ano_3-6.png
A8: IC0142_CatNNF_AnoA003000_T90_rho1287_AUX1NaN_AUX2NaN_3-8 | B8: Balázs | E8: 168 | F8: QC_IC_168h | G8: Both | I8: Fluctuating temperature - do not use | J8: Production #2 | K8: IC0142_CatNNF_AnoA003000_T90_rho1287_AUX1NaN_AUX2NaN_3-8.png
A9: IC0161_CatNNF_Ano1577_T90_rho1287_AUX1Cat_AUX2Ano_2-4 | B9: Balázs | E9: 168 | F9: QC_IC_168h | G9: Both | H9: 45617 | J9: Production #2 | K9: IC0161_CatNNF_Ano1577_T90_rho1287_AUX1Cat_AUX2Ano_2-4.png
A10: IC0175_CatNNF_Ano3200_T90_rho1287_AUX1Cat_AUX2Ano_2-1 | B10: Mario | E10: 168 | F10: QC_IC_168h | G10: Both | H10: 45625 | J10: Production #2 | K10: IC0175_CatNNF_Ano3200_T90_rho1287_AUX1Cat_AUX2Ano_2-1.png
A11: IC0173_CatNNF_AnoA3125_T90_rho1287_AUX1Cat_AUX2Ano_3-6 | B11: Mario | E11: 168 | F11: QC_IC_168h | G11: Both | H11: 45625 | J11: Production #2 | K11: IC0173_CatNNF_AnoA3125_T90_rho1287_AUX1Cat_AUX2Ano_3-6.png
A12: IC0186_CatNNF_Ano2279_T90_rho1287_AUX1Cat_AUX2Ano_3-8 | B12: Mario | E12: 168 | F12: QC_IC_168h | G12: Both | H12: 45455 | J12: Production #2 | K12: IC0186_CatNNF_Ano2279_T90_rho1287_AUX1Cat_AUX2Ano_3-8.png
A13: IC0185_CatNNF_Ano3100_T90_rho1287_AUX1Cat_AUX2Ano_3-7 | B13: Mario | E13: 168 | F13: QC_IC_168h | G13: Both | H13: 45455 | J13: Production #2 | K13: IC0185_CatNNF_Ano3100_T90_rho1287_AUX1Cat_AUX2Ano_3-7.png
A14: IC0188_CatNNF_AnoA2423_T90_rho1287_AUX1Cat_AUX2Ano_3-6 | B14: Mario | E14: 168 | F14: QC_IC_168h | G14: Both | H14: 45547 | I14: Temperature is around 80 °C for 50 hours.-use it cautiously | J14: Production #2 | K14: IC0188_CatNNF_AnoA2423_T90_rho1287_AUX1Cat_AUX2Ano_3-6.png
A15: IC0234_CatNNF_AnoA001950_rho1287_AUX1Cat_AUX2Ano_3-6 | B15: Mario | E15: 168 | F15: QC_IC_168h | G15: Both | H15: 45670 | J15: Production #2 | K15: IC0234_CatNNF_AnoA001950_rho1287_AUX1Cat_AUX2Ano_3-6.png
A16: IC0233_CatNNF_AnoA002422_rho1287_AUX1Cat_AUX2Ano_3-5 | B16: Mario | E16: 168 | F16: QC_IC_168h | G16: Both | H16: 45670 | J16: Production #2 | K16: IC0233_CatNNF_AnoA002422_rho1287_AUX1Cat_AUX2Ano_3-5.png
A17: IC0468_CatNNF_AnoA3320_1of3_rho1276_AUX1Cat_AUX2Ano_5-1 | B17: Balázs | C17: Nerea | D17: Jesper | E17: 1000 | F17: _QC_IC_1000h_v1.xml | G17: Custom | H17: 45792 | I17: 1/3 EUROFIN | J17: Production #3 | K17: IC0468_CatNNF_AnoA3320_1of3_rho1276_AUX1Cat_AUX2Ano_5-1.png
A18: IC0470_CatNNF_AnoA3320_3of3_rho1276_AUX1Cat_AUX2Ano_5-2 | B18: Balázs | C18: Akos | D18: Jesper | E18: 1000 | F18: _QC_IC_1000h_v1.xml | G18: Custom | H18: 45792 | I18: 3/3 EUROFIN | J18: Production #3 | K18: IC0470_CatNNF_AnoA3320_3of3_rho1276_AUX1Cat_AUX2Ano_5-2.png
A19: IC0469_CatNNF_AnoA3320_2of3_rho1276_AUX1Cat_AUX2Ano_5-5 | B19: Balázs | C19: Akos | D19: Jesper | E19: 1000 | F19: _QC_IC_1000h_v1.xml | G19: Custom | H19: 45792 | I19: 2/EUROFIN | J19: Production #3 | K19: IC0469_CatNNF_AnoA3320_2of3_rho1276_AUX1Cat_AUX2Ano_5-5.png
A20: IC0675_CatNNF_AnoA003320-1_rho1279_AUX1NaN_AUX2NaN_4-1 | B20: Balázs | C20: Aleksandra | D20: Peter Hilt | E20: 168 | F20: QC_IC_168h | G20: Custom format | H20: 45825 | I20: Gen3 Anode A003320 (from bag 1), pretreated cathode, preheated KOH and beaker | J20: Production #3 | K20: IC0675_CatNNF_AnoA003320-1_rho1279_AUX1NaN_AUX2NaN_4-1.png
A21: IC0676_CatNNF_AnoA003320-2_rho1279_AUX1NaN_AUX2NaN_4-2 | B21: Balázs | C21: Aleksandra | D21: Peter Hilt | E21: 168 | F21: QC_IC_168h | G21: Custom format | H21: 45825 | I21: Gen3 Anode A003320 (from bag 2), pretreated cathode, preheated KOH and beaker | J21: Production #3 | K21: IC0676_CatNNF_AnoA003320-2_rho1279_AUX1NaN_AUX2NaN_4-2.png
A22: IC0677_CatNNF_AnoA003320-3_rho1279_AUX1NaN_AUX2NaN_4-6 | B22: Balázs | C22: Aleksandra | D22: Peter Hilt | E22: 168 | F22: QC_IC_168h | G22: Custom format | H22: 45825 | I22: Gen3 Anode A003320 (from bag 3), pretreated cathode, preheated KOH and beaker | J22: Production #3 | K22: IC0677_CatNNF_AnoA003320-3_rho1279_AUX1NaN_AUX2NaN_4-6.png
A23: IC0710_CatNNF_AnoB394-BL_rho1297_AUX1NaN_AUX2NaN_4-1 | B23: Balázs | C23: Gergo | D23: Akos/Daniel | E23: 168 | F23: QC_IC_168h | G23: Custom format | H23: 45841 | J23: Production #3
A24: IC0711_CatNNF_AnoB394-TL_rho1297_AUX1NaN_AUX2NaN_4-2 | B24: Balázs | C24: Gergo | D24: Akos/Daniel | E24: 168 | F24: QC_IC_168h | G24: Custom format | H24: 45841 | J24: Production #3
A25: IC0712_CatNNF_AnoB394-M_rho1297_AUX1NaN_AUX2NaN_4-3 | B25: Balázs | C25: Gergo | D25: Akos/Daniel | E25: 168 | F25: QC_IC_168h | G25: Custom format | H25: 45841 | J25: Production #3
A26: IC0713_CatNNF_AnoB394-BR_rho1297_AUX1NaN_AUX2NaN_4-4 | B26: Balázs | C26: Gergo | D26: Akos/Daniel | E26: 168 | F26: QC_IC_168h | G26: Custom format | H26: 45841 | J26: Production #3
A27: IC0714_CatNNF_AnoB394-TR_rho1297_AUX1NaN_AUX2NaN_4-5 | B27: Balázs | C27: Gergo | D27: Akos/Daniel | E27: 168 | F27: QC_IC_168h | G27: Custom format | H27: 45841 | J27: Production #3
A28: IC0719_CatNNF_AnoB456-BR_rho1297_AUX1NaN_AUX2NaN_4-6 | B28: Balázs | C28: Ola | D28: Oniel/Bardia | E28: 168 | F28: QC_IC_168h | G28: Custom format | H28: 45845 | I28: Low Right B456 anode | J28: Production #3
A29: IC0721_CatNNF_AnoB468-TR_rho1297_AUX1NaN_AUX2NaN_5-1 | B29: Balázs | C29: Peter | D29: Oniel/Bardia | E29: 168 | F29: QC_IC_168h | G29: Custom format | H29: 45845 | I29: Anode_Production_B468 | J29: Production #3
A30: IC0720_CatNNF_AnoB456-TR_rho1297_AUX1NaN_AUX2NaN_5-2 | B30: Balázs | C30: Carmine | D30: Oniel/Mohammadreza(Bardia) | E30: 168 | F30: QC_IC_168h | G30: Custom | H30: 45845 | I30: Anode_Production_QC_upper right, other one is lower right | J30: Production #3
A31: IC0722_CatNNF_AnoB463-TR_rho1297_AUX1NaN_AUX2NaN_5-5 | B31: Balázs | C31: Peter | D31: Oniel/Mohammadreza(Bardia) | E31: 168 | F31: QC_IC_168h | G31: Custom | H31: 45845 | I31: Anode_Production_QC_upper right, other one is lower right BUT taken from wrong position | J31: Production #3
A32: IC0724_CatNNF_AnoB463-TR_2_rho1279_AUX1NaN_AUX2NaN_5-7 | B32: Balázs | C32: Carmine | D32: Oniel/Mohammadreza(Bardia) | E32: 168 | F32: QC_IC_168h | G32: Custom format | H32: 45845 | I32: Position 2 (technically position 1 since the first cut was out the diagonal) | J32: Production #3
A33: IC0725_CatNNF_AnoB572-TR_rho1279_AUX1NaN_AUX2NaN_5-8 | B33: Balázs | C33: Carmine | D33: Oniel/Mohammadreza(Bardia) | E33: 168 | F33: QC_IC_168h | G33: Custom | H33: 45845 | I33: It was used as aged sample for degradation study in half cells | J33: Production #3
A34: IC0736_CatNNF_AnoB578-TL_rho1297_AUX1NaN_AUX2NaN_4-1 | B34: Balázs | C34: Akos | D34: Aleksandra/Oniel | E34: 168 | F34: QC_IC_168h | G34: Custom | H34: 45848 | I34: Abbreviations for "Production - Line 2" samples (depending on where they were cut from): BL - Bottom Left TL - Top Left BR - Bottom Right TR - Top Right M - Middle | J34: Production #3
A35: IC0741_CatNNF_AnoB394-BR_rho1279_AUX1NaN_AUX2NaN_5-6 | B35: Balázs | C35: Daniel | D35: Aleksandra/Oniel | E35: 168 | F35: QC_IC_168h | G35: Custom | H35: 45848 | I35: Mismatched brackets - Anode Side "1.8mm" | J35: Production #3
A36: IC0740_CatNNF_AnoB578-TR_rho1297_AUX1NaN_AUX2NaN_4-5 | B36: Balázs | C36: Akos | D36: Aleksandra/Oniel | E36: 168 | F36: QC_IC_168h | G36: Custom | H36: 45848 | I36: Sample consumed by coating thickness measurement. Mismatched brackets - Anode Side "1.8mm" | J36: Production #4
A37: IC0737_CatNNF_AnoB578-BL_rho1297_AUX1NaN_AUX2NaN_4-2 | B37: Balázs | C37: Daniel | D37: Aleksandra/Oniel | E37: 168 | F37: QC_IC_168h | G37: Custom | H37: 45848 | I37: Mismatched brackets - Anode Side "1.8mm" | J37: Production #3
A38: IC0738_CatNNF_AnoB578-M_rho1297_AUX1NaN_AUX2NaN_4-3 | B38: Balázs | C38: Daniel | D38: Aleksandra/Oniel | E38: 168 | F38: QC_IC_168h | G38: Custom | H38: 45848 | I38: Abbreviations for "Production - Line 2" samples (depending on where they were cut from): BL - Bottom Left TL - Top Left BR - Bottom Right TR - Top Right M - Middle | J38: Production #3
A39: IC0739_CatNNF_AnoB578-BR_rho1297_AUX1NaN_AUX2NaN_4-4 | B39: Balázs | C39: Akos | D39: Aleksandra/Oniel | E39: 168 | F39: QC_IC_168h | G39: Custom | H39: 45848 | I39: Abbreviations for "Production - Line 2" samples (depending on where they were cut from): BL - Bottom Left TL - Top Left BR - Bottom Right TR - Top Right M - Middle | J39: Production #4
A40: IC0757_CatNNF_AnoB572-TR_rho1279_AUX1NaN_AUX2NaN_4-1 | B40: Balázs | C40: Carmine | D40: Daniel | E40: 64 | F40: QC_IC_anode_64h_v1 | G40: Custom | H40: 45852 | J40: Production #3
A41: IC0758_CatNNF_AnoB463-TR_rho1279_AUX1NaN_AUX2NaN_4-2 | B41: Balázs | C41: Carmine | D41: Daniel | E41: 64 | F41: QC_IC_anode_64h_v1 | G41: Custom | H41: 45852 | J41: Production #4
A42: IC0759_CatNNF_AnoB578-TR_rho1279_AUX1NaN_AUX2NaN_4-3 | B42: Balázs | C42: Carmine | D42: Daniel | E42: 64 | F42: QC_IC_anode_64h_v1 | G42: Custom | H42: 45852 | J42: Production #3
A43: IC0760_CatNNF_AnoB669-TR_rho1279_AUX1NaN_AUX2NaN_4-4 | B43: Balázs | C43: Carmine | D43: Daniel | E43: 64 | F43: QC_IC_anode_64h_v1 | G43: Custom | H43: 45852 | J43: Production #4
A44: IC0761_CatNNF_AnoB456-TR_rho1279_AUX1NaN_AUX2NaN_4-5 | B44: Balázs | C44: Carmine | D44: Daniel | E44: 64 | F44: QC_IC_anode_64h_v1 | G44: Custom | H44: 45852 | J44: Production #4
A45: IC0745_CatNNF_AnoB618-TR_rho1279_AUX1NaN_AUX2NaN_5-5 | B45: Balázs | C45: Oniel | D45: Aleksandra/Tamas | E45: 168 | F45: _QC_IC_168h_v1.xml | G45: custom | H45: 45854 | I45: It was used as aged sample for degradation study in half cells. preheated beaker and KOH, pretreated cathode, Top right coupon, Anode production | J45: Production #4
A46: IC0746_CatNNF_AnoB655-TR_rho1279_AUX1NaN_AUX2NaN_5-7 | B46: Balázs | C46: Bardia | D46: Aleksandra/Tamas | E46: 168 | F46: _QC_IC_168h_v1.xml | G46: custom | H46: 45854 | I46: It was used as aged sample for degradation study in half cells. preheated beaker and KOH, pretreated cathode, Top right coupon, Anode production | J46: Production #4
A47: IC0747_CatNNF_AnoB687-TR_rho1279_AUX1NaN_AUX2NaN_5-8 | B47: Balázs | C47: Bardia | D47: Aleksandra/Tamas | E47: 168 | F47: _QC_IC_168h_v1.xml | G47: custom | H47: 45854 | I47: preheated beaker and KOH, pretreated cathode, Top right coupon, Anode production | J47: Production #4
A48: IC0770_CatNNF_AnoB572TR_rho1279_4-1 | B48: Balázs | C48: Tamas | D48: Oniel | E48: 48 | F48: QC_IC_anode_48h_v1 | G48: Custom | H48: 45856 | I48: TR 3rd sample, preheated KOH and beaker, new 48h protocol | J48: Production #4
A49: IC0771_CatNNF_AnoB578TR_rho1279_4-2 | B49: Balázs | C49: Aleksandra | D49: Oniel | E49: 48 | F49: QC_IC_anode_48h_v1 | G49: Custom format | H49: 45856 | I49: It was used as aged sample for degradation study in half cells. TR 3rd sample, preheated KOH and beaker, new 48h protocol | J49: Production #4
A50: IC0772_CatNNF_AnoB463TR_rho1279_4-3 | B50: Balázs | C50: Aleksandra | D50: Oniel | E50: 48 | F50: QC_IC_anode_48h_v1 | G50: Custom format | H50: 45856 | I50: TR 4th sample, preheated KOH and beaker, new 48h protocol | J50: Production #4
A51: IC0773_CatNNF_AnoB456TR_rho1279_4-4 | B51: Balázs | C51: Tamas | D51: Oniel | E51: 48 | F51: QC_IC_anode_48h_v1 | G51: Custom | H51: 45856 | I51: TR 4th sample, preheated KOH and beaker, new 48h protocol | J51: Production #4
A52: IC0805_CatNNF_AnoB001298_rho1279_4-2 | B52: Balázs | C52: Bardia | D52: Oniel | E52: 48 | F52: QC_IC_48h_v1 | G52: Custom | H52: 45870 | J52: Production #4
A53: IC0806_CatNNF_AnoB001307_rho1279_4-3 | B53: Balázs | C53: Bardia | D53: Oniel | E53: 48 | F53: QC_IC_48h_v1 | G53: Custom | H53: 45870 | J53: Production #4
A54: IC0807_CatNNF_AnoB001293_rho1279_4-4 | B54: Balázs | C54: Bardia | D54: Oniel | E54: 48 | F54: QC_IC_48h_v1 | G54: Custom | H54: 45870 | J54: Production #4
A55: IC0825_CatNNF_AnoB1342-TR_rho1279_4-1 | B55: Balázs | C55: Daniel | D55: Peter H | E55: 48 | F55: QC_IC_48h_v1 | G55: Custom | H55: 45876 | I55: 48h test | J55: Production #4
A56: IC0826_CatNNF_AnoB1461-TR_rho1279_4-2 | B56: Balázs | C56: Daniel | D56: Peter H | E56: 48 | F56: QC_IC_48h_v1 | G56: Custom | H56: 45876 | I56: 48h test | J56: Production #4
A57: IC0827_CatNNF_AnoB1334-TR_rho1279_4-3 | B57: Balázs | C57: Daniel | D57: Peter H | E57: 48 | F57: QC_IC_48h_v1 | G57: Custom | H57: 45876 | I57: 48h test | J57: Production #4
A58: IC0824_CatNNF_AnoB1436-TR_rho1279_4-4 | B58: Balázs | C58: Oniel | D58: Tamas | E58: 48 | F58: QC_IC_48h_v1 | G58: Custom | H58: 45876 | I58: 48h test | J58: Production #4
A59: IC0823_CatNNF_AnoB1328-TR_rho1279_4-5 | B59: Balázs | C59: Oniel | D59: PeterH | E59: 48 | F59: QC_IC_48h_v1 | G59: Custom | H59: 45877 | I59: 48h test top right | J59: Production #4
A60: IC0833_CatNNF_AnoB1377-TR-_rho1279_4-6 | B60: Balázs | C60: Bardia | D60: Daniel | E60: 48 | F60: QC_IC_48h_v1 | G60: Custom | H60: 45877 | I60: Produced a day after a new filter was placed in Catodic Cleaning (vat 17). | J60: Production #4
A61: IC0837_CatNNF_AnoB1414-TR-_rho1279_5-1 | B61: Balázs | C61: Bardia | D61: Daniel | E61: 48 | F61: QC_IC_48h_v1 | G61: Custom | H61: 45877 | I61: Produced a day after a new filter was placed in Catodic Cleaning (vat 17). | J61: Production #4
A62: IC0838_CatNNF_AnoB1484-TR-_rho1279_5-2 | B62: Balázs | C62: Oniel | D62: Daniel | E62: 48 | F62: QC_IC_48h_v1 | G62: Custom | H62: 45877 | I62: Produced in between the placement of new filter and removal of clogged filter in vat 17. | J62: Production #4
A63: IC0839_CatNNF_AnoB1532-TR-_rho1279_5-5 | B63: Balázs | C63: Oniel | D63: Daniel | E63: 48 | F63: QC_IC_48h_v1 | G63: Custom | H63: 45877 | I63: Produced in between the placement of new filter and removal of clogged filter in vat 17. | J63: Production #4
A64: IC0840_CatNNF_AnoB1588-TR_rho1279_5-6 | B64: Balázs | C64: Bardia | D64: Daniel | E64: 48 | F64: QC_IC_48h_v1 | G64: Custom | H64: 45877 | I64: Produced a day before the filter in the Catodic Cleaning (vat 17) was discovered to be around 1.5 bar (pressure < 1 bar). Filter was clogged.
A65: IC0841_CatNNF_AnoB1423-TR_rho1279_4-1 | B65: Balázs | C65: Tamas | D65: Tamas | E65: 48 | F65: QC_IC_48h_v1 | G65: Custom | H65: 45882 | I65: 48h test, top right | J65: Production #4
A66: IC0842_CatNNF_AnoB1474-TR_rho1279_4-2 | B66: Balázs | C66: Peter | D66: Tamas | E66: 48 | F66: QC_IC_48h_v1 | G66: Custom | H66: 45882 | I66: 48h test, top right | J66: Production #4
A67: IC0843_CatNNF_AnoB1455TR_rho1279_4-3 | B67: Balazs | C67: peter | D67: Tamas | E67: 48 | F67: QC_IC_48h_v1 | G67: Custom | H67: 45882 | I67: 48h test, top right | J67: Production #4
A68: IC0844_CatNNF_AnoB001397TR_rho1279_4-1 | B68: Balázs | C68: Aleksandra | D68: Carmine | E68: 48 | F68: QC_IC_48h_v1 | G68: Custom | H68: 45887 | I68: 48h test, top right | J68: Production #4
A69: IC0845_CatNNF_AnoB001324TR_rho1279_4-2 | B69: Balázs | C69: Aleksandra | D69: Carmine | E69: 48 | F69: QC_IC_48h_v1 | G69: Custom | H69: 45888 | I69: 48h test, top right | J69: Production #4
A70: IC0846_CatNNF_AnoB001616TR_rho1279_4-3 | B70: Balázs | C70: Aleksandra | D70: Carmine | E70: 48 | F70: QC_IC_48h_v1 | G70: Custom | H70: 45889 | I70: 48h test, top right | J70: Production #4
A71: IC0847_CatNNF_AnoB001692TR_rho1279_4-4 | B71: Balázs | C71: Aleksandra | D71: Carmine | E71: 48 | F71: QC_IC_48h_v1 | G71: Custom | H71: 45890 | I71: 48h test, top right | J71: Production #4
A72: IC0851_CatNNF_AnoB001666TR_rho1279_4-5 | B72: Balázs | C72: Daniel | D72: Carmine | E72: 48 | F72: QC_IC_48h_v1 | G72: Custom | H72: 45891 | I72: Invalid -48h test, top right, no heating in the middle of the measruementr | J72: Production #4
A73: IC0854_CatNNF_AnoB001496TR_rho1279_4-1 | B73: Balázs | C73: Aleksandra | D73: Oniel | E73: 48 | F73: QC_IC_48h_v1 | G73: Custom format | H73: 45889 | I73: 48h test, top right | J73: Production #4
A74: IC0853_CatNNF_AnoB001732TR_rho1279_4-2 | B74: Balázs | C74: Carmine | D74: Daniel | E74: 48 | F74: QC_IC_48h_v1 | G74: Custom format | H74: 45890 | I74: 48h test, top right, restarted next day cause thermoregulator fail. Restarted with new electrodes | J74: Production #4
A75: IC0852_CatNNF_AnoB001616TR_rho1279_4-3 | B75: Balázs | C75: Oniel | D75: Daniel | E75: 48 | F75: QC_IC_48h_v1 | G75: Custom format | H75: 45890 | I75: 48h test, top right, restarted next day cause thermoregulator fail. Restarted with new electrodes | J75: Production #4
A76: IC0859_CatNNF_AnoB1683_rho1279_5-2 | B76: Balázs | C76: Carmine | D76: Daniel | E76: 48 | F76: QC_IC_48h_v1 | G76: Custom format | H76: 45890 | J76: Production #4
A77: IC0860_CatNNF_Ano1761_rho1279_5-5 | B77: Balázs | C77: Carmine | D77: Daniel | E77: 48 | F77: QC_IC_48h_v1 | G77: Custom format | H77: 45890 | J77: Production #4
A78: IC0867_CatNNF_AnoB001732TR_rho1279_4-2 | B78: Balázs | C78: Daniel | D78: Daniel | E78: 48 | F78: QC_IC_48h_v1 | G78: Custom format | H78: 45894 | I78: 48h test, top right. Cell rebuilt and restarted after previous failed attempt. | J78: Production #4
A79: IC0868_CatNNF_AnoB1616-TR_rho1279_4-3 | B79: Balázs | C79: Daniel | D79: Daniel | E79: 48 | F79: QC_IC_48h_v1 | G79: Custom format | H79: 45894 | I79: 48h test, top right. Cell rebuilt and restarted after previous failed attempt. | J79: Production #4
A80: IC0869_CatNNF_AnoB1711_rho1279_4-4 | B80: Balázs | C80: Daniel | D80: Daniel | E80: 48 | F80: QC_IC_48h_v1 | G80: Custom format | H80: 45894
A81: IC0874_CatNNF_Ano1644_rho1279_5-5 | B81: Balázs | C81: Tamas | D81: Daniel | E81: 48 | F81: QC_IC_48h_v1 | G81: Custom format | H81: 45894 | J81: Production #4
A82: IC0879_CatNNF_AnoB1666-TR-2_rho1279_4-2 | B82: Balázs | C82: Daniel | D82: Oniel | E82: 48 | F82: QC_IC_48h_v1 | G82: Custom format | H82: 45896 | I82: Retesting electrode | J82: Production #4
A83: IC0880_CatNNF_AnoB1616-TR-2_rho1279_4-3 | B83: Balázs | C83: Daniel | D83: Oniel | E83: 48 | F83: QC_IC_48h_v1 | G83: Custom format | H83: 45896 | I83: Retesting electrode | J83: Production #4
A84: IC0881_CatNNF_AnoB1455-TR-2_rho1279_4-4 | B84: Balázs | C84: Daniel | D84: Oniel | E84: 48 | F84: QC_IC_48h_v1 | G84: Custom format | H84: 45896 | I84: Retesting electrode | J84: Production #4
A85: IC0882_CatNNF_AnoB687-TR-2_rho1279_4-5 | B85: Balázs | C85: Daniel | D85: Oniel | E85: 48 | F85: QC_IC_48h_v1 | G85: Custom format | H85: 45896 | I85: Retesting electrode | J85: Production #4
A86: IC0888_CatNNF_AnoB2177-TR_rho1279_5-1 | B86: Balázs | C86: Tamas | E86: 48 | F86: QC_IC_48h_v1 | G86: Custom format | H86: 45898 | I86: 48h test, top right | J86: Production #4
A87: IC0894_CatNNF_AnoB2265-TR_rho1279_4-5 | B87: Balázs | C87: Oniel | D87: Carmine | E87: 48 | F87: QC_IC_48h_v1 | G87: Custom format | H87: 45901 | I87: 48h test, Carmine only took them under the fumehood. Properly disassembled by somebody else | J87: Production #4
A88: IC0893_CatNNF_AnoB2789-TR_rho1279_4-6 | B88: Balázs | C88: Oniel | D88: Carmine | E88: 48 | F88: QC_IC_48h_v1 | G88: Custom format | H88: 45901 | I88: 48h test, Carmine only took them under the fumehood. Properly disassembled by somebody else | J88: Production #4
A89: IC0892_CatNNF_AnoB2092-TR_rho1279_5-1 | B89: Balázs | C89: Oniel | D89: Carmine | E89: 48 | F89: QC_IC_48h_v1 | G89: Custom format | H89: 45901 | I89: 48h test, Carmine only took them under the fumehood. Properly disassembled by somebody else | J89: Production #4
A90: IC0891_CatNNF_AnoB1732-TR-2_rho1279_5-2 | B90: Balázs | C90: Oniel | D90: Carmine | E90: 48 | F90: QC_IC_48h_v1 | G90: Custom format | H90: 45901 | I90: 48h test, Carmine only took them under the fumehood. Properly disassembled by somebody else | J90: Production #4
A91: IC0890_CatNNF_AnoB2110-TR_rho1279_5-5 | B91: Balázs | C91: Oniel | D91: Carmine | E91: 48 | F91: QC_IC_48h_v1 | G91: Custom format | H91: 45901 | I91: 48h test, Carmine only took them under the fumehood. Properly disassembled by somebody else | J91: Production #4
A92: IC0897_CatNNF_AnoB2141-TR_rho1279_4-3 | B92: Balázs | C92: Carmine | D92: Aleksandra | E92: 48 | F92: QC_IC_48h_v1 | G92: Custom format | H92: 45903 | I92: 48h test | J92: Production #4
A93: IC0898_CatNNF-TR_AnoB2125-TR_rho1279_4-4 | B93: Balázs | C93: Carmine | D93: Aleksandra | E93: 48 | F93: QC_IC_48h_v1 | G93: Custom format | H93: 45903 | I93: 48h test | J93: Production #4
A94: IC0899_CatNNF_AnoB2077-TR_rho1279_4-5 | B94: Balázs | C94: Carmine | D94: Aleksandra | E94: 48 | F94: QC_IC_48h_v1 | G94: Custom format | H94: 45903 | I94: 48h test | J94: Production #4
A95: IC0902_CatNNF_AnoB2065-TR_rho1279_4-1 | B95: Balázs | C95: Carmine | D95: Aleksandra | E95: 48 | F95: QC_IC_48h_v1 | G95: Custom format | H95: 45903 | I95: 48h test | J95: Production #4
A96: IC0903_CatNNF_AnoB2227-TR_rho1279_4-2 | B96: Balázs | C96: Carmine | D96: Aleksandra | E96: 48 | F96: QC_IC_48h_v1 | G96: Custom format | H96: 45903 | I96: 48h test | J96: Production #4
A97: IC0900_CatNNF_AnoB2209-TR_rho1279_4-6 | B97: Balázs | C97: Carmine | D97: Aleksandra | E97: 48 | F97: QC_IC_48h_v1 | G97: Custom format | H97: 45903 | I97: 48h test | J97: Production #4
A98: IC0901_CatNNF_AnoB2157-TR_rho1279_5-1 | B98: Balázs | C98: Carmine | D98: Aleksandra | E98: 48 | F98: QC_IC_48h_v1 | G98: Custom format | H98: 45903 | I98: 48h test | J98: Production #4
... A102: IC0916_CatNNF_Ano_B2177-TR_rho1279_4-6 | B102: Balázs | C102: Tamas | D102: Oniel | E102: 48 | F102: QC_IC_48h_v1 | G102: Custom format | H102: 45911 | I102: 48h test | J102: Production #4
A103: IC0917_CatNNF_Ano_B2177-TR_rho1279_5-2 | B103: Balázs | C103: Tamas | D103: Oniel | E103: 48 | F103: QC_IC_48h_v1 | G103: Custom format | I103: 48h test | J103: Production #4
...

Sheet Gen3Cat-Gen2
A1: IC_ID | B1: Owner | C1: Assembled by | D1: Disassembled by | E1: Test length [h] | F1: Protocol | G1: Format | H1: Experiment finished on | I1: Notes | J1: Arhived in | K1: Plot
A2: IC0079_Cat2125_AnoNF_T90_rho1287_AUX1Ano_AUX2_Cat_1-6 - GOOD | B2: Balázs | E2: 1000 | F2: QC_IC_1000h | G2: Format | H2: 45570 | I2: Irregular temp - do not use | J2: Production #1 | K2: IC0079_Cat2125_AnoNF_T90_rho1287_AUX1Ano_AUX2_Cat_1-6 - GOOD.png
A3: IC0080_Cat2243_AnoNF_T90_rho1287_AUX1Ano_AUX2_Cat_1-7 - GOOD | B3: Balázs | E3: 1000 | F3: QC_IC_1000h | G3: Both | H3: 45570 | I3: Irregular temp - do not use | J3: Production #1 | K3: IC0080_Cat2243_AnoNF_T90_rho1287_AUX1Ano_AUX2_Cat_1-7 - GOOD.png
A4: IC0081_Cat856_AnoNF_T90_rho1287_AUX1Ano_AUX2_Cat_1-8 - BAD | B4: Balázs | E4: 1000 | F4: QC_IC_1000h | G4: Both | H4: 45570 | I4: High temp - do not use Sample was taken from a BRIGHT spot,Another IC0081 exists in the sulfidized sheet | J4: Production #1 | K4: IC0081_Cat856_AnoNF_T90_rho1287_AUX1Ano_AUX2_Cat_1-8 - BAD.png
A5: IC0091_CatA002835_AnoNNF_T90_rho1287_AUX1Cat_AUX2Ano_2-1 | B5: Balázs | E5: 168 | F5: QC_IC_168h | G5: Both | H5: 19/09/2024 | J5: Production #1 | K5: IC0091_CatA002835_AnoNNF_T90_rho1287_AUX1Cat_AUX2Ano_2-1.png
A6: IC0093_Cat2901_AnoNNF_T90_rho1287_AUX1Ano_AUX2_Cat_3-8 | B6: Balázs | E6: 168 | F6: QC_IC_168h | G6: Both | H6: 21/09/2024 | I6: Sample was taken from a DARK spot | J6: Production #1 | K6: IC0093_Cat2901_AnoNNF_T90_rho1287_AUX1Ano_AUX2_Cat_3-8.png | R6: 0 voltage between 26.28 and 26.43 hours
A7: IC0094_Cat2902_AnoNNF_T90_rho1287_AUX1Ano_AUX2Cat_3-7 | B7: Balázs | E7: 168 | F7: QC_IC_168h | G7: Both | H7: 21/09/2024 | I7: Irregular temp - do not use Sample was considered to be GOOD. | J7: Production #1 | K7: IC0094_Cat2902_AnoNNF_T90_rho1287_AUX1Ano_AUX2Cat_3-7.png
A8: IC0099_Cat2904_Ano_NNF_T90_rho1287_AUX1Ano_AUX2_Cat_3-4 | B8: Mario | E8: 168 | F8: QC_IC_168h | G8: Both | I8: No data. Sample was considered to be GOOD. | J8: Production #1 | K8: NaN
A9: IC0103_Cat2904_AnoNNF_T90_rho1287_AUX1Ano_AUX2_Cat_2-3 | B9: Balázs | E9: 168 | F9: QC_IC_168h | G9: Both | I9: Sample was considered to be BAD. | J9: Production #1 | K9: IC0103_Cat2904_AnoNNF_T90_rho1287_AUX1Ano_AUX2_Cat_2-3.png
A10: IC0139_CatA002904_AnoNNF_T90_rho1287_AUX1NaN_AUX2NaN_3-4 | B10: Mario | E10: 168 | F10: QC_IC_168h | G10: Both | H10: 31/10/2024 | I10: Equals with IC0099 | J10: Production #1 | K10: IC0139_CatA002904_AnoNNF_T90_rho1287_AUX1NaN_AUX2NaN_3-4.png
A11: IC0153_CatA002741EDGE_AnoNNF_T90_rho1287_AUX1Cat_AUX2Ano_3-7 | B11: Mario | E11: 168 | F11: QC_IC_168h | G11: Both | H11: 19/11/2024 | I11: Sample was taken from the edge. | J11: Production #2 | K11: IC0153_CatA002741EDGE_AnoNNF_T90_rho1287_AUX1Cat_AUX2Ano_3-7.png
A12: IC0152_CatA002925_AnoNNF_T90_rho1287_AUX1Cat_AUX2Ano_3-8 | B12: Mario | E12: 168 | F12: QC_IC_168h | G12: Both | H12: 19/11/2024 | J12: Production #2 | K12: IC0152_CatA002925_AnoNNF_T90_rho1287_AUX1Cat_AUX2Ano_3-8.png
A13: IC0157_CatA002741CENTER_AnoNNF_T90_rho1287_AUX1Cat_AUX2Ano_3-6 | B13: Mario | E13: 168 | F13: QC_IC_168h | G13: Both | H13: 21/11/2024 | I13: Irregular temp - do not use + battery tester fail | J13: Production #2 | K13: IC0157_CatA002741CENTER_AnoNNF_T90_rho1287_AUX1Cat_AUX2Ano_3-6.png
A14: IC0156_Cat1427_AnoNNF_T90_rho1287_AUX1Cat_AUX2Ano_2-3 | B14: Mario | E14: 168 | F14: QC_IC_168h | G14: Both | H14: 21/11/2024 | J14: Production #2 | K14: IC0156_Cat1427_AnoNNF_T90_rho1287_AUX1Cat_AUX2Ano_2-3.png
A15: IC0158_CatA002975_AnoNNF_T90_rho1287_AUX1Cat_AUX2Ano_2-1 | B15: Mario | E15: 168 | F15: QC_IC_168h | G15: Both | H15: 21/11/2024 | I15: Small temperature fluctuations | J15: Production #2 | K15: IC0158_CatA002975_AnoNNF_T90_rho1287_AUX1Cat_AUX2Ano_2-1.png
A16: IC0160_Cat987_AnoNNF_T90_rho1287_AUX1Cat_AUX2Ano_3-5 | B16: Mario | E16: 171 | F16: QC_IC_168h_v1 | G16: Both | H16: 21/11/2024 | I16: Battery tester malfunction at the end of experiment | J16: Production #2 | K16: IC0160_Cat987_AnoNNF_T90_rho1287_AUX1Cat_AUX2Ano_3-5.png
A17: IC0174_CatA2800_AnoNNF_T90_rho1287_AUX1Cat_AUX2Ano_2-3 | B17: Mario | E17: 168 | F17: QC_IC_168h | G17: Both | H17: 29/11/2024 | J17: Production #2 | K17: IC0174_CatA2800_AnoNNF_T90_rho1287_AUX1Cat_AUX2Ano_2-3.png
A18: IC0177_CatA2105_AnoNNF_T90_rho1287_AUX1Cat_AUX2Ano_2-4 | B18: Mario | E18: 168 | F18: QC_IC_168h | G18: Both | H18: 29/11/2024 | J18: Production #2 | K18: IC0177_CatA2105_AnoNNF_T90_rho1287_AUX1Cat_AUX2Ano_2-4.png
A19: IC0178_CatA2021_AnoNNF_T90_rho1287_AUX1Cat_AUX2Ano_3-5 | B19: Mario | E19: 168 | F19: QC_IC_168h | G19: Both | H19: 45324 | I19: Low voltage for appr. 10 hours - do not use | J19: Production #2 | K19: IC0178_CatA2021_AnoNNF_T90_rho1287_AUX1Cat_AUX2Ano_3-5.png
A20: IC0187_CatA2950_AnoNNF_T90_rho1287_AUX1Cat_AUX2Ano_3-3 | B20: Mario | E20: 168 | F20: QC_IC_168h | G20: Both | J20: Production #2 | K20: IC0187_CatA2950_AnoNNF_T90_rho1287_AUX1Cat_AUX2Ano_3-3.png
A21: IC0189_CatA183_AnoNNF_T90_rho1287_AUX1Cat_AUX2Ano_2-1 | B21: Mario | E21: 168 | F21: QC_IC_168h | G21: Both | H21: 45635 | J21: Production #2 | K21: IC0189_CatA183_AnoNNF_T90_rho1287_AUX1Cat_AUX2Ano_2-1.png
A22: IC0190_CatA186_AnoNNF_T90_rho1287_AUX1Cat_AUX2Ano_2-4 | B22: Mario | E22: 168 | F22: QC_IC_168h | G22: Both | H22: 45635 | J22: Production #2 | K22: IC0190_CatA186_AnoNNF_T90_rho1287_AUX1Cat_AUX2Ano_2-4.png
A23: IC0191_CatA167_AnoNNF_T90_rho1287_AUX1Cat_AUX2Ano_2-3 | B23: Mario | E23: 168 | F23: QC_IC_168h | G23: Both | H23: 45635 | J23: Production #2 | K23: IC0191_CatA167_AnoNNF_T90_rho1287_AUX1Cat_AUX2Ano_2-3.png
A24: IC0192_CatA1364_AnoNNF_T90_rho1287_AUX1Cat_AUX2Ano_3-5 | B24: Mario | E24: 168 | F24: QC_IC_168h | G24: Both | H24: 45635 | J24: Production #2 | K24: IC0192_CatA1364_AnoNNF_T90_rho1287_AUX1Cat_AUX2Ano_3-5.png
A25: IC0221_CatA003270_AnoNNF_rho1287_AUX1Cat_AUX2Ano_1-3 | B25: Julie | E25: 146 | F25: 0_ImmersionCellStandardProcedure_DN | G25: Both | H25: 45660 | I25: Wrong protocol, do not use | J25: Plating line 1 sensitivity study Flemming 2024
A26: IC0285_CatA3298_AnoNNF_rho1287_AUX1Cat_AUX2Ano-2-7 | B26: Balázs | D26: Akos | E26: 70 | F26: QC_IC_58.5h...12_hours | G26: Both | H26: 45694 | I26: Eurofin batch | J26: Production #2 | K26: IC0285_CatA3298_AnoNNF_rho1287_AUX1Cat_AUX2Ano-2-7.png
A27: IC0283_CatA003300_AnoNNF_rho1276_AUX1Cat_AUX2Ano_2-1 | B27: Balázs | D27: Akos | E27: 70 | F27: QC_IC_58.5h...12_hours | G27: Both | H27: 45694 | I27: Eurofin batch | J27: Production #2 | K27: IC0283_CatA003300_AnoNNF_rho1276_AUX1Cat_AUX2Ano_2-1.png
A28: IC0286_CatA3296_AnoNNF_rho1287_AUX1Cat_AUX2Ano-2-3 | B28: Balázs | D28: Gergo | E28: 70 | F28: QC_IC_58.5h...12_hours | G28: Both | H28: 45695 | I28: Eurofin batch. With preheated KOH(60 deg) and pretreated NNF anode. QC_IC_58.5h...12h | J28: Production #2 | K28: IC0286_CatA3296_AnoNNF_rho1287_AUX1Cat_AUX2Ano-2-3.png
A29: IC0290_CatA3306_AnoNNF_rho1287_AUX1Cat_AUX2Ano_2-8 | B29: Balázs | D29: Gergo | E29: 70 | F29: QC_IC_58.5h...12_hours | G29: Both | H29: 45695 | I29: Eurofin batch. With preheated KOH(60 deg) and pretreated NNF anode. QC_IC_58.5h...12h | J29: Production #2 | K29: IC0290_CatA3306_AnoNNF_rho1287_AUX1Cat_AUX2Ano_2-8.png
A30: IC0278_Cat3306_AnoNNF_rho1276_AUX1Cat_AUX2Ano_3-7 | B30: Balázs | D30: Gergo | E30: 168 | F30: QC_IC_168h_v1 | G30: Both | H30: 45695 | I30: Preheated KOH to 50 degrees used Preheated container to 50 degrees used Eurofin production | J30: Production #2 | K30: IC0278_Cat3306_AnoNNF_rho1276_AUX1Cat_AUX2Ano_3-7.png
A31: IC0279_Cat3308_AnoNNF_rho1276_AUX1Cat_AUX2Ano_3-8 | B31: Balázs | D31: Gergo | E31: 168 | F31: QC_IC_168h_v1 | G31: Both | H31: 45695 | I31: Preheated KOH to 50 degrees used Preheated container to 50 degrees used Eurofin production | J31: Production #2 | K31: IC0279_Cat3308_AnoNNF_rho1276_AUX1Cat_AUX2Ano_3-8.png
A32: IC0291_CatA3308_AnoNNF_rho1287_AUX1Cat_AUX2Ano_3-3 | B32: Balázs | D32: Gergo | E32: 70 | F32: QC_IC_58.5h...12_hours | G32: Both | H32: 45695 | I32: With preheated KOH(60 deg) and pretreated NNF anode. QCIC58.5h...12h | J32: Production #2 | K32: IC0291_CatA3308_AnoNNF_rho1287_AUX1Cat_AUX2Ano_3-3.png
A33: IC0280_Cat3300_AnoNNF_rho1276_AUX1Cat_AUX2Ano_1-5 | B33: Balázs | D33: Gergo | E33: 168 | F33: QC_IC_168h_v1 | G33: Both | H33: 45695 | I33: Preheated container to 50 degrees used Eurofin production - battery tester problems, unstable potential | J33: Production #2 | K33: IC0280_Cat3300_AnoNNF_rho1276_AUX1Cat_AUX2Ano_1-5.png
A34: IC0281_CatA003298_AnoNNF_rho1276_AUX1Cat_AUX2Ano_3-6 | B34: Balázs | C34: Akos | D34: Akos | E34: 168 | F34: QC_IC_168h_v1 | G34: Both | H34: 45698 | I34: QC_IC_168h_v1 | J34: Production #2 | K34: IC0281_CatA003298_AnoNNF_rho1276_AUX1Cat_AUX2Ano_3-6.png
A35: IC0282_CatA003296_AnoNNF_rho1276_AUX1Cat_AUX2Ano_3-5 | B35: Balázs | C35: Akos | D35: Akos | E35: 168 | F35: QC_IC_168h_v1 | G35: Both | H35: 45698 | I35: QCIC168h_v1. black flakes in the electrolyte during testing :( | J35: Production #2 | K35: IC0282_CatA003296_AnoNNF_rho1276_AUX1Cat_AUX2Ano_3-5.png
A36: IC0334_CatA3296_AnoNNF_rho1279_AUX1Cat_AUXAno_48h_2-1 | B36: Balázs | C36: Gergo | D36: Nerea | E36: 48 | F36: QC_IC_48h...3_hours | G36: Both | H36: 45714 | I36: No pretreatment for the NNF. | J36: Production #2 | K36: IC0334_CatA3296_AnoNNF_rho1279_AUX1Cat_AUXAno_48h_2-1.png
A37: IC0339_CatA3308_AnoNNF_rho1276_AUX1Cat_AUX2Ano_48h_1-5 | B37: Balázs | C37: Gergo | D37: Nerea | E37: 48 | F37: QC_IC_48h...3_hours | G37: Both | H37: 45714 | I37: No pretreatment for the NNF. | J37: Production #2 | K37: IC0339_CatA3308_AnoNNF_rho1276_AUX1Cat_AUX2Ano_48h_1-5.png
A38: IC0335_CatA3298_AnoNNF_rho1276_AUX1Cat_AUXAno_48h_2-3 | B38: Balázs | C38: Gergo | D38: Nerea | E38: 48 | F38: QC_IC_48h...3_hours | G38: Both | H38: 45714 | I38: No pretreatment for the NNF. | J38: Production #2 | K38: IC0335_CatA3298_AnoNNF_rho1276_AUX1Cat_AUXAno_48h_2-3.png
A39: IC0338_CatA3306_AnoNNF_rho1276_AUX1Cat_AUX2Ano_48h_3-8 | B39: Balázs | C39: Gergo | D39: Nerea | E39: 48 | F39: QC_IC_48h...3_hours | G39: Both | H39: 45714 | I39: No pretreatment for the NNF. | J39: Production #2 | K39: IC0338_CatA3306_AnoNNF_rho1276_AUX1Cat_AUX2Ano_48h_3-8.png
A40: IC0336_CatA3300_AnoNNF_rho1276_AUX1Cat_AUXAno_48h_2-4 | B40: Balázs | I40: Balázs fucked up the saving - rookie mistake | J40: Production #2
A41: IC0337_CatA3300_AnoNNF_rho1276_AUX1Cat_AUX2Ano_168h_3-2 | B41: Balázs | C41: Gergo | D41: Gergo | E41: 168 | F41: QC_IC_168h_v1 | G41: Both | H41: 45719 | J41: Production #2 | K41: IC0337_CatA3300_AnoNNF_rho1276_AUX1Cat_AUX2Ano_168h_3-2.png
A42: IC0367_CatA03308_AnoNNF_rho1276_AUX1Cat_AUX2Ano-3-5 | B42: Balázs | C42: Andrea | D42: Nerea | E42: 15.5 | F42: QC_IC_24h_v1_TEST_PHASE | G42: Both | H42: 45721 | I42: 30 degrees temperature Pretreated anode NNF Eurofin sample 30 degrees - unusable data
A43: IC0366_CatA03306_AnoNNF_rho1276_AUX1Cat_AUX2Ano-2-7 | B43: Balázs | C43: Andrea | D43: Nerea | E43: 24 | F43: QC_IC_24h_v1_TEST_PHASE | G43: Both | H43: 45722 | I43: Preheated KOH at 70 degrees Pretreated anode NNF Eurofin sample | J43: Production #2 | K43: IC0366_CatA03306_AnoNNF_rho1276_AUX1Cat_AUX2Ano-2-7.png
A44: IC0365_CatA03298_AnoNNF_rho1276_AUX1Cat_AUX2Ano-3-2 | B44: Balázs | C44: Andrea | D44: Nerea | E44: 24 | F44: QC_IC_24h_v1_TEST_PHASE | G44: Both | H44: 45722 | I44: Preheated KOH at 70 degrees Pretreated anode NNF Eurofin sample | J44: Production #2 | K44: IC0365_CatA03298_AnoNNF_rho1276_AUX1Cat_AUX2Ano-3-2.png
A45: IC0373_CatA3296_AnoNNF_rho1276_AUX1Cat_AUX2Ano_3-5 | B45: Balázs | C45: Nerea | D45: Gergo | E45: 24 | F45: QC_IC_24h_v1_TEST_PHASE | G45: Both | H45: 45723 | I45: Preheated KOH at 70 degrees. Pretreated anode NNF. Eurofin sample. | J45: Production #2 | K45: IC0373_CatA3296_AnoNNF_rho1276_AUX1Cat_AUX2Ano_3-5.png
A46: IC0390_CatA3308_AnoNNF_rho1276_AUX1Cat_AUX2Ano_2-7 | B46: Balázs | C46: Nerea | D46: Nerea | E46: 24 | F46: QC_IC_24h_v1_TEST_PHASE | G46: Both | H46: 45728 | I46: 70 degrees KOH, Pretreated anode, Started a day after it was assembled because of fire | J46: Production #3 | K46: IC0390_CatA3308_AnoNNF_rho1276_AUX1Cat_AUX2Ano_2-7.png
A47: IC0392_CatA3306_AnoNNF_rho1276_AUX1Cat_AUX2Ano_3-1 | B47: Balázs | C47: Nerea | D47: Nerea | E47: 24 | F47: QC_IC_24h_v1_TEST_PHASE | G47: Both | H47: 45728 | I47: Pretreated anode Started a day after it was assembled because of fire | J47: Production #3 | K47: IC0392_CatA3306_AnoNNF_rho1276_AUX1Cat_AUX2Ano_3-1.png
A48: IC0742_CatB733-TR_AnoNNF_rho1279_AUX1NaN_AUX2NaN_4-6 | B48: Balázs | C48: Peter | D48: Bardia | E48: 168 | F48: QC_IC_168h_v1 | G48: Custom | H48: 45853 | I48: It was used as aged sample for degradation study in half cells. preheated beaker and KOH, pretreated anode, Top right coupon, Cathode production | J48: Production #4
A49: IC0743_CatB757-TR_AnoNNF_rho1279_AUX1NaN_AUX2NaN_5-1 | B49: Balázs | C49: Peter | D49: Bardia | E49: 168 | F49: QC_IC_168h_v1 | G49: Custom | H49: 45853 | I49: Sample consumed by coating thickness measruement preheated beaker and KOH, pretreated anode, Top right coupon, Cathode production | J49: Production #4
A50: IC0744_CatB772-TR_AnoNNF_rho1279_AUX1NaN_AUX2NaN_5-2 | B50: Balázs | C50: Bardia | D50: Aleksandra/Tamas | E50: 168 | F50: QC_IC_168h_v1 | G50: custom | H50: 45854 | I50: preheated beaker and KOH, pretreated anode, Top right coupon, Cathode production
A51: IC0762_CatB762-TR_AnoNNF_rho1279_5-6 | B51: Balázs | C51: Carmine | D51: Oniel/Daniel | E51: 168 | F51: QC_IC_168h_v1 | G51: custom | H51: 45856 | I51: Position 1, preheated KOH and beaker | J51: Production #4
A52: IC0774_CatB943-TR_AnoNNF_rho1279_4-5 | B52: Balázs | C52: Oniel | D52: Oniel/Daniel | E52: 48 | F52: QC_IC_48h_v1 | G52: Custom | H52: 45857 | I52: Pretreated anode, Protocol: 48h test
A53: IC0775_CatB974-TR_AnoNNF_rho1279_4-6 | B53: Balázs | C53: Oniel | D53: Oniel/Daniel | E53: 48 | F53: QC_IC_48h_v1 | G53: Custom | H53: 45857 | I53: Pretreated anode, Protocol: 48h test | J53: Production #4
A54: IC0776_CatB979-TR_AnoNNF_rho1279_5-1 | B54: Balázs | C54: Oniel | D54: Oniel/Daniel | E54: 48 | F54: QC_IC_48h_v1 | G54: Custom | H54: 45857 | I54: Pretreated anode, Protocol: 48h test | J54: Production #4
A55: IC0777_CatB993-TR_AnoNNF_rho1279_5-2 | B55: Balázs | C55: Oniel | D55: Oniel/Daniel | E55: 48 | F55: QC_IC_48h_v1 | G55: Custom | H55: 45857 | I55: Pretreated anode Protocol: 48h Cathode - second sample cut on the top right position | J55: Production #4
A56: IC0792_CatB1104-TR_AnoNNF_rho1279_4-1 | B56: Balázs | C56: Oniel | D56: Tamas | E56: 48 | F56: QC_IC_48h_v1 | G56: Custom | H56: 45868 | I56: Protocol: 48h Top Right | J56: Production #4
A57: IC0791_CatB1008-TL_AnoNNF_rho1279_4-2 | B57: Balázs | C57: Oniel | D57: Tamas | E57: 48 | F57: QC_IC_48h_v1 | G57: Custom | H57: 45868 | I57: Protocol: 48h Top Right | J57: Production #4
A58: IC0790_CatB1262-TR_AnoNNF_rho1279_4-3 | B58: Balázs | C58: Oniel | D58: Tamas | E58: 48 | F58: QC_IC_48h_v1 | G58: Custom | H58: 45868 | I58: Protocol: 48h Top Right | J58: Production #4
A59: IC0789_CatB1237-TR_AnoNNF_rho1279_4-4 | B59: Balázs | C59: Oniel | D59: Tamas | E59: 48 | F59: QC_IC_48h_v1 | G59: Custom | H59: 45868 | I59: Protocol: 48h Top Right | J59: Production #4
A60: IC0796_CatB1175-TR_AnoNNF_rho1279_4-5 | B60: Balázs | C60: Oniel | D60: Aleksandra | E60: 48 | F60: QC_IC_48h_v1 | G60: Custom | H60: 45870 | I60: 48h test, top right | J60: Production #4
A61: IC0797_CatB1229-TR_AnoNNF_rho1279_4-6 | B61: Balázs | C61: Oniel | D61: Aleksandra | E61: 48 | F61: QC_IC_48h_v1 | G61: Custom | H61: 45870 | I61: 48h test, top right | J61: Production #4
A62: IC0798_CatB1058-TR_AnoNNF_rho1279_5-1 | B62: Balázs | C62: Oniel | D62: Aleksandra | E62: 48 | F62: QC_IC_48h_v1 | G62: Custom | H62: 45870 | I62: 48h test, top right | J62: Production #4
A63: IC0799_CatB1068-TR_AnoNNF_rho1279_5-2 | B63: Balázs | C63: Oniel | D63: Aleksandra | E63: 48 | F63: QC_IC_48h_v1 | G63: Custom | H63: 45870 | I63: 48h test, top right | J63: Production #4
A64: IC0800_CatB1124-TR_AnoNNF_rho1279_5-5 | B64: Balázs | C64: Oniel | D64: Aleksandra | E64: 48 | F64: QC_IC_48h_v1 | G64: Custom | H64: 45870 | I64: 48h test, top right | J64: Production #4
A65: IC0801_CatB1144-TR_AnoNNF_rho1279_5-6 | B65: Balázs | C65: Oniel | D65: Aleksandra | E65: 48 | F65: QC_IC_48h_v1 | G65: Custom | H65: 45870 | I65: 48h test, top right
A66: IC0804_CatB1046-TR_AnoNNF_rho1279_4-1 | B66: Balázs | C66: Bardia | D66: Oniel | E66: 48 | F66: QC_IC_48h_v1 | G66: Custom | H66: 45870 | J66: Production #4
A67: IC0802_CatB1025-TR_AnoNNF_rho1279_5-7 | B67: Balázs | C67: Oniel | D67: Daniel | E67: 168 | F67: _QC_IC_168h_v1.xml | G67: Custom | H67: 45874 | I67: It was used as aged sample for degradation study in half cells. | J67: Production #4
A68: IC0803_CatB1115-TR_AnoNNF_rho1279_5-8 | B68: Balázs | C68: Oniel | D68: Daniel | E68: 168 | F68: _QC_IC_168h_v1.xml | G68: Custom | H68: 45874 | J68: Production #4
A69: IC0818_CatB1083-TR_AnoNNF_rho1279_5-5 | B69: Balázs | C69: Oniel | D69: Daniel | E69: 48 | F69: QC_IC_48h_v1 | G69: Custom | H69: 45875 | I69: 48h test | J69: Production #4
A70: IC0819_CatB919-TR_AnoNNF_rho1279_5-6 | B70: Balázs | C70: Oniel | D70: Daniel | E70: 48 | F70: QC_IC_48h_v1 | G70: Custom | H70: 45875 | I70: 48h test | J70: Production #4
A71: IC0820_CatB1039-TR_AnoNNF_rho1279_5-2 | B71: Balázs | C71: Oniel | D71: Daniel | E71: 48 | F71: QC_IC_48h_v1 | G71: Custom | H71: 45875 | I71: 48h test | J71: Production #4
A72: IC0821_CatB897-TR_AnoNNF_rho1279_5-1 | B72: Balázs | C72: Oniel | D72: Daniel | E72: 48 | F72: QC_IC_48h_v1 | G72: Custom | H72: 45875 | I72: 48h test | J72: Production #4
A73: IC0822_CatB1052-TR_AnoNNF_rho1279_4-6 | B73: Balázs | C73: Oniel | D73: Daniel | E73: 48 | F73: QC_IC_48h_v1 | G73: Custom | H73: 45875 | I73: 48h test | J73: Production #4
A74: IC0831_CatB1133_AnoNNF-TR_rho1279_5-7 | B74: Balázs | C74: Oniel | D74: Daniel | E74: 168 | F74: _QC_IC_168h_v1.xml | G74: Custom | H74: 45882 | I74: 168h test, Cathode used for BET/XRD measurements in his RnD project along with the remaining unused coupon | J74: Production #4
A75: IC0832_CatB1091-TR_AnoNNF_rho1279_5-8 | B75: Balázs | C75: Oniel | D75: Daniel | E75: 168 | F75: _QC_IC_168h_v1.xml | G75: Custom | H75: 45882 | I75: It was used as aged sample for degradation study in half cells. 168h test | J75: Production #4
A76: IC0855_CatB1943_AnoNNF_rho1279_4-4 | B76: Balázs | C76: Daniel | D76: Daniel | E76: 48 | F76: QC_IC_48h_v1 | G76: Custom | H76: 45890 | J76: Production #4
A77: IC0856_CatB1893_AnoNNF_rho1279_4-5 | B77: Balázs | C77: Daniel | D77: Daniel | E77: 48 | F77: QC_IC_48h_v1 | G77: Custom | H77: 45890
A78: IC0857_CatB1870_AnoNNF_rho1279_4-6 | B78: Balázs | C78: Daniel | D78: Daniel | E78: 48 | F78: QC_IC_48h_v1 | G78: Custom | H78: 45890 | J78: Production #4
A79: IC0858_CatB1780_AnoNNF_rho1279_5-1 | B79: Balázs | C79: Carmine | D79: Daniel | E79: 48 | F79: QC_IC_48h_v1 | G79: Custom | H79: 45890 | J79: Production #4
A80: IC0870_CatB2047_AnoNNF_rho1279_4-5 | B80: Balázs | C80: Daniel | D80: Daniel | E80: 48 | F80: QC_IC_48h_v1 | G80: Custom format | H80: 45894 | J80: Production #4
A81: IC0871_CatB1990_AnoNNF_rho1279_4-6 | B81: Balázs | C81: Daniel | D81: Daniel | E81: 48 | F81: QC_IC_48h_v1 | G81: Custom format | H81: 45894 | J81: Production #4
A82: IC0872_CatB2027_AnoNNF_rho1279_5-1 | B82: Balázs | C82: Tamas | D82: Daniel | E82: 48 | F82: QC_IC_48h_v1 | G82: Custom format | H82: 45894 | J82: Production #4
A83: IC0873_CatB2011_AnoNNF_rho1279_5-2 | B83: Balázs | C83: Daniel | D83: Daniel | E83: 48 | F83: QC_IC_48h_v1 | G83: Custom format | H83: 45894 | J83: Production #4
A84: IC0883_Cat1046-TR-2_AnoNNF_rho1279_4-6 | B84: Balázs | C84: Daniel | D84: Oniel | E84: 48 | F84: QC_IC_48h_v1 | G84: Custom format | H84: 45895 | I84: Retesting electrode | J84: Production #4
A85: IC0884_CatB1962TR_AnoNNF_rho1279_5-2 | B85: Balázs | C85: Daniel | D85: Oniel | E85: 48 | F85: QC_IC_48h_v1 | G85: Custom format | H85: 45895 | I85: 48h test, top right | J85: Production #4
A86: IC0896_CatB2027-TR-2_AnoNNF_rho1279_4-3 | B86: Balázs | C86: Oniel | D86: Carmine | E86: 48 | F86: QC_IC_48h_v1 | G86: Custom format | H86: 45901 | I86: 48h test, Carmine only took them under the fumehood. Properly disassembled by somebody else | J86: Production #4
A87: IC0895_CatB2302-TR_AnoNNF_rho1279_4-4 | B87: Balázs | C87: Oniel | D87: Carmine | E87: 48 | F87: QC_IC_48h_v1 | G87: Custom format | H87: 45901 | I87: 48h test, Carmine only took them under the fumehood. Properly disassembled by somebody else | J87: Production #4
A88: IC0922_CatB2405-TR_Ano_NNF_rho1279_4-3 | B88: Balázs | C88: Peter | D88: Daniel | E88: 48 | F88: QC_IC_48h_v1 | G88: Custom format | H88: 45918 | J88: Production #5
A89: IC0924_CatB2441-TR_Ano_NNF_rho1279_4-4 | B89: Balázs | C89: Peter | D89: Daniel | E89: 48 | F89: QC_IC_48h_v1 | G89: Custom format | H89: 45918 | J89: Production #5
A90: IC0923_CatB2478-TR_Ano_NNF_rho1279_4-5 | B90: Balázs | C90: Peter | D90: Daniel | E90: 48 | F90: QC_IC_48h_v1 | G90: Custom format | H90: 45918 | J90: Production #5
A91: IC0925_CatB2386-TR_Ano_NNF_rho1279_4-6 | B91: Balázs | C91: Carmine | D91: Daniel | E91: 48 | F91: QC_IC_48h_v1 | G91: Custom format | H91: 45918 | J91: Production #5
A92: IC0926_CatB2421-TR_Ano_NNF_rho1279_5-1 | B92: Balázs | C92: Carmine | D92: Daniel | E92: 48 | F92: QC_IC_48h_v1 | G92: Custom format | H92: 45918 | J92: Production #5
A93: IC0949_CatB2674-TR_AnoNNF_rho1279_4-2 | B93: Balázs | C93: Tamas | D93: Daniel/Oniel | E93: 48 | F93: QC_IC_48h_v1 | G93: Custom format | H93: 45925 | I93: Cathode did not fit perfectly into the plastic backplate | J93: Production #5
A94: IC0950_CatB2692-TR-P2_AnoNNF_rho1279_4-3 | B94: Balázs | C94: Peter | D94: Daniel/Oniel | E94: 48 | F94: QC_IC_48h_v1 | G94: Custom format | H94: 45925 | I94: Cathode coupon was recut from position 2 as the one from position 1 did not fit properly | J94: Production #5
A95: IC0951_CatB2711-TR_AnoNNF_rho1279_4-4 | B95: Balázs | C95: Bardia | D95: Tamas | E95: 48 | F95: QC_IC_48h_v1 | G95: Custom format | H95: 45926 | I95: Pretreated anode, preheated KOH and Beaker, 48h experiment | J95: Production #5
A96: IC0954_CatB2692-TR_AnoNNF_rho1279_4-3 | B96: Balázs | C96: Oniel | D96: Carmine | E96: 48 | F96: QC_IC_48h_v1 | G96: Custom format | H96: 45929 | I96: 2nd testing as it was around the upper limit of the warning band. P2 48h test | J96: Production #5
A97: IC0955_CatB2692-TR_AnoNNF_rho1279_4-5 | B97: Balázs | C97: Oniel | D97: Carmine | E97: 48 | F97: QC_IC_48h_v1 | G97: Custom format | H97: 45929 | I97: 2nd testing as it was around the upper limit of the warning band. P3 48h test | J97: Production #5
A98: IC0956_CatB2733-TR_AnoNNF_rho1279_4-6 | B98: Balázs | C98: Tamas | D98: Carmine | E98: 48 | F98: QC_IC_48h_v1 | G98: Custom format | H98: 45929 | I98: no comment present | J98: Production #5
A99: IC0961_CatB2768-TR_AnoNNF_rho1279_4-2 | B99: Balázs | C99: Tamas | D99: Ola | E99: 48 | F99: QC_IC_48h_v1 | G99: Custom format | H99: 45931 | I99: 48h test, preheated KOH and beaker, pretreated anode | J99: Production #5
A100: IC0962_CatB2900-TR_AnoNNF_rho1279_4-1 | B100: Balázs | C100: Daniel | D100: Ola | E100: 48 | F100: QC_IC_48h_v1 | G100: Custom format | H100: 45931 | I100: 48h test, preheated KOH and beaker, pretreated anode | J100: Production #5
...

Sheet Gen4Cat-Gen2
A1: IC_ID | B1: Owner | C1: Assembled by | D1: Disassembled by | E1: Test length [h] | F1: Protocol | G1: Format | H1: Experiment finished on | I1: Notes | J1: Arhived in | K1: Plot
A2: IC1884_CatB13881-TR_AnoNNF_rho1282_1.3ppm_Fe_5-3 | B2: Balazs | C2: Frederik | D2: Marcus | E2: 42 | F2: _QC_IC_168h_v1.xml | G2: Custom | H2: 46219 | I2: 168hr test stopped early because no iron was added | J2: Production #11
A3: IC1880_CatB13862-TR_AnoNNF_rho1282_1.3ppm_Fe_4-5 | B3: Balazs | C3: Oniel | D3: Oniel | E3: 168 | G3: Custom | H3: 46223 | I3: 168hr test | J3: Production #11 | K3: IC0080_Cat2243_AnoNF_T90_rho1287_AUX1Ano_AUX2_Cat_1-7 - GOOD.png
A4: IC1898_CatB13902-TR_AnoNNF_rho1282_1.3ppm_Fe_2-6 | B4: Balázs | C4: Aleksandra | D4: Aleksandra | E4: 48 | F4: QC_IC_48h_v1 | G4: Custom | H4: 46223 | J4: Production #11
A5: IC1881_CatB13863-TR_AnoNNF_rho1282_1.3ppm_Fe_4-6 | B5: Balazs | C5: Oniel | D5: Oniel | E5: 168 | G5: Custom | H5: 46223 | I5: 168hr test | J5: Production #11 | K5: IC0091_CatA002835_AnoNNF_T90_rho1287_AUX1Cat_AUX2Ano_2-1.png
A6: IC1882_CatB13866-TR_AnoNNF_rho1282_1.3ppm_Fe_5-1 | B6: Balazs | C6: Oniel | D6: Oniel | E6: 168 | G6: Custom | H6: 46223 | I6: 168hr test | J6: Production #11 | K6: IC0093_Cat2901_AnoNNF_T90_rho1287_AUX1Ano_AUX2_Cat_3-8.png
A7: IC1892_CatB13892-TR_AnoNNF_rho1282_1.3ppm_Fe_6-4 | B7: Balazs | C7: Marcus | D7: Frederik | E7: 48 | F7: QC_IC_48h_v1 | G7: Custom | H7: 46223 | I7: 48h test | J7: Production #11 | K7: IC0094_Cat2902_AnoNNF_T90_rho1287_AUX1Ano_AUX2Cat_3-7.png
A8: IC1893_CatB13893-TR_AnoNNF_rho1282_1.3ppm_Fe_6-5 | B8: Balazs | C8: Marcus | D8: Frederik | E8: 48 | F8: QC_IC_48h_v1 | G8: Custom | H8: 46223 | I8: 48h test | J8: Production #11 | K8: NaN
A9: IC1894_CatB13894-TR_AnoNNF_rho1282_1.3ppm_Fe_6-6 | B9: Balazs | C9: Marcus | D9: Frederik | E9: 48 | F9: QC_IC_48h_v1 | G9: Custom | H9: 46223 | I9: SEM shows unknown lumps of potentially carbon, 48h test | J9: Production #11 | K9: IC0103_Cat2904_AnoNNF_T90_rho1287_AUX1Ano_AUX2_Cat_2-3.png
A10: IC1895_CatB13895-TR_AnoNNF_rho1282_1.3ppm_Fe_6-7 | B10: Balazs | C10: Emil | D10: Frederik | E10: 48 | F10: QC_IC_48h_v1 | G10: Custom | H10: 46223 | I10: 48h test | J10: Production #11 | K10: IC0139_CatA002904_AnoNNF_T90_rho1287_AUX1NaN_AUX2NaN_3-4.png
A11: IC1896_CatB13896-TR_AnoNNF_rho1282_1.3ppm_Fe_6-8 | B11: Balazs | C11: Emil | D11: Frederik | E11: 48 | F11: QC_IC_48h_v1 | G11: Custom | H11: 46223 | I11: 48h test | J11: Production #11 | K11: IC0153_CatA002741EDGE_AnoNNF_T90_rho1287_AUX1Cat_AUX2Ano_3-7.png
A12: IC1897_CatB13900-TR_AnoNNF_rho1282_1.3ppm_Fe_7-1 | B12: Balazs | C12: Emil | D12: Frederik | E12: 48 | F12: QC_IC_48h_v1 | G12: Custom | H12: 46223 | I12: Cracks. Needs post mortem, 48h test | J12: Production #11 | K12: IC0152_CatA002925_AnoNNF_T90_rho1287_AUX1Cat_AUX2Ano_3-8.png
A13: IC1886_CatB13882-TR_AnoNNF_rho1282_1.3ppm_Fe_4-1 | B13: Balázs | C13: Aleksandra | D13: Tamas | E13: 168 | F13: _QC_IC_168h_v1.xml | G13: Custom | H13: 46225 | I13: 168h | J13: Production #11 | K13: IC0157_CatA002741CENTER_AnoNNF_T90_rho1287_AUX1Cat_AUX2Ano_3-6.png
A14: IC1887_CatB13883-TR_AnoNNF_rho1282_1.3ppm_Fe_4-2 | B14: Balázs | C14: Aleksandra | D14: Tamas | E14: 168 | F14: _QC_IC_168h_v1.xml | G14: Custom | H14: 46225 | I14: 168h | J14: Production #11 | K14: IC0156_Cat1427_AnoNNF_T90_rho1287_AUX1Cat_AUX2Ano_2-3.png
A15: IC1888_CatB13887-TR_AnoNNF_rho1282_1.3ppm_Fe_4-3 | B15: Balázs | C15: Aleksandra | D15: Tamas | E15: 168 | F15: _QC_IC_168h_v1.xml | G15: Custom | H15: 46225 | I15: 168h | J15: Production #11 | K15: IC0158_CatA002975_AnoNNF_T90_rho1287_AUX1Cat_AUX2Ano_2-1.png
A16: IC1889_CatB13888-TR_AnoNNF_rho1282_1.3ppm_Fe_4-4 | B16: Balázs | C16: Aleksandra | D16: Tamas | E16: 168 | F16: _QC_IC_168h_v1.xml | G16: Custom | H16: 46225 | I16: 168h | J16: Production #11 | K16: IC0160_Cat987_AnoNNF_T90_rho1287_AUX1Cat_AUX2Ano_3-5.png
A17: IC1890_CatB13891-TR_AnoNNF_rho1282_1.3ppm_Fe_2-5 | B17: Balázs | C17: Aleksandra | D17: Tamas | E17: 168 | F17: _QC_IC_168h_v1.xml | G17: Custom | H17: 46225 | I17: 168h | J17: Production #11 | K17: IC0174_CatA2800_AnoNNF_T90_rho1287_AUX1Cat_AUX2Ano_2-3.png
A18: IC1808_CatGen4.1.45B3_AnoNNF_rho1282_1.3ppm_Fe_2-8 | B18: Balázs | C18: Frederik | D18: Tamas | E18: 1350 | F18: QC_IC_3000h_v3 | G18: Custom | H18: 46225 | I18: QC_IC_3000h_v3, Cathode: Gen4.1.45B3, Anode: NNF | J18: Gen 4 Co | K18: IC0177_CatA2105_AnoNNF_T90_rho1287_AUX1Cat_AUX2Ano_2-4.png
... A24: IC1903_CatB13917-TR_AnoNNF_rho1282_1.3ppm_Fe_6-8 | B24: Balazs | C24: Oniel | D24: Emil | E24: 48 | F24: QC_IC_48h_v1 | G24: Custom | H24: 46226 | I24: 48 h test | J24: Production #11 | K24: IC0192_CatA1364_AnoNNF_T90_rho1287_AUX1Cat_AUX2Ano_3-5.png
A25: IC1904_CatB13913-TR_AnoNNF_rho1282_1.3ppm_Fe_7-1 | B25: Balazs | C25: Frederik | D25: Emil | E25: 48 | F25: QC_IC_48h_v1 | G25: Custom | H25: 46226 | I25: 48h test - The electrode is an anode run as a cathode. | J25: Production #11
A26: IC1905_CatB13925-TR_AnoNNF_rho1282_1.3ppm_Fe_4-5 | B26: Balazs | C26: Marcus | D26: Antonina | E26: 48 | F26: QC_IC_48h_v1 | G26: Custom | H26: 46226 | J26: Production #11 | K26: IC0285_CatA3298_AnoNNF_rho1287_AUX1Cat_AUX2Ano-2-7.png
A27: IC1906_CatB13926-TR_AnoNNF_rho1282_1.3ppm_Fe_4-6 | B27: Balazs | C27: Marcus | D27: Antonina | E27: 48 | F27: QC_IC_48h_v1 | G27: Custom | H27: 46226 | J27: Production #11 | K27: IC0283_CatA003300_AnoNNF_rho1276_AUX1Cat_AUX2Ano_2-1.png
A28: IC1907_CatB13945-TR_AnoNNF_rho1282_1.3ppm_Fe_5-1 | B28: Balazs | C28: Marcus | D28: Antonina | E28: 48 | F28: QC_IC_48h_v1 | G28: Custom | H28: 46226 | J28: Production #11 | K28: IC0286_CatA3296_AnoNNF_rho1287_AUX1Cat_AUX2Ano-2-3.png
A29: IC1908_CatB13951-TR_AnoNNF_rho1282_1.3ppm_Fe_7-2 | B29: Balazs | C29: Marcus | D29: Antonina | E29: 48 | F29: QC_IC_48h_v1 | G29: Custom | H29: 46226 | J29: Production #11 | K29: IC0290_CatA3306_AnoNNF_rho1287_AUX1Cat_AUX2Ano_2-8.png
A30: IC1891_CatB13881-TR_AnoNNF_rho1282_1.3ppm_Fe_5-3 | B30: Balazs | C30: Marcus | D30: Antonina | E30: 168 | F30: _QC_IC_168h_v1.xml | G30: Custom | H30: 46226 | I30: 168hr test, restart of IC1884 | J30: Production #11 | K30: IC0278_Cat3306_AnoNNF_rho1276_AUX1Cat_AUX2Ano_3-7.png
A31: IC1912_CatB13953-TR_AnoNNF_rho1282_1.3ppm_Fe_7-7 | B31: Balazs | C31: Daniel | D31: Aleksandra | E31: 48 | F31: QC_IC_48h_v1 | G31: Custom | H31: 46227 | J31: Production #11 | K31: IC0279_Cat3308_AnoNNF_rho1276_AUX1Cat_AUX2Ano_3-8.png
A32: IC1911_CatB13967-TR_AnoNNF_rho1282_1.3ppm_Fe_7-8 | B32: Balazs | C32: Daniel | D32: Aleksandra | E32: 48 | F32: QC_IC_48h_v1 | G32: Custom | H32: 46227 | J32: Production #11 | K32: IC0291_CatA3308_AnoNNF_rho1287_AUX1Cat_AUX2Ano_3-3.png
A33: IC1915_CatB13977-TR_AnoNNF_rho1282_1.3ppm_Fe_4-1 | B33: Balazs | C33: Antonina | E33: 48 | F33: QC_IC_48h_v1 | G33: Custom | H33: 46228 | J33: Production #11 | K33: IC0280_Cat3300_AnoNNF_rho1276_AUX1Cat_AUX2Ano_1-5.png
A34: IC1916_CatB13980-TR_AnoNNF_rho1282_1.3ppm_Fe_4-2 | B34: Balazs | C34: Antonina | E34: 48 | F34: QC_IC_48h_v1 | G34: Custom | H34: 46228 | J34: Production #11 | K34: IC0281_CatA003298_AnoNNF_rho1276_AUX1Cat_AUX2Ano_3-6.png
A35: IC1917_CatB13994-TR_AnoNNF_rho1282_1.3ppm_Fe_4-3 | B35: Balazs | C35: Antonina | E35: 48 | F35: QC_IC_48h_v1 | G35: Custom | H35: 46228 | J35: Production #11 | K35: IC0282_CatA003296_AnoNNF_rho1276_AUX1Cat_AUX2Ano_3-5.png
A36: IC1924_CatB13951-BL_AnoNNF_rho1282_1.3ppm_Fe_4-4 | B36: Balazs | C36: Aleksandra | E36: 48 | F36: QC_IC_48h_v1 | G36: Custom | H36: 46228 | I36: 48 h, duplicate of IC1925 | J36: Production #11 | K36: IC0334_CatA3296_AnoNNF_rho1279_AUX1Cat_AUXAno_48h_2-1.png
A37: IC1925_CatB13951-BL_AnoNNF_rho1282_1.3ppm_Fe_4-5 | B37: Balazs | C37: Aleksandra | E37: 48 | F37: QC_IC_48h_v1 | G37: Custom | H37: 46228 | I37: 48 h, duplicate of IC1924 | J37: Production #11 | K37: IC0339_CatA3308_AnoNNF_rho1276_AUX1Cat_AUX2Ano_48h_1-5.png
A38: IC1926_CatB13951-TR_AnoNNF_rho1282_1.3ppm_Fe_4-6 | B38: Balazs | C38: Aleksandra | E38: 48 | F38: QC_IC_48h_v1 | G38: Custom | H38: 46228 | I38: 48 h, duplicate of IC1927; reassembled because Ni backplate broke before starting the test | J38: Production #11 | K38: IC0335_CatA3298_AnoNNF_rho1276_AUX1Cat_AUXAno_48h_2-3.png
A39: IC1927_CatB13951-TR_AnoNNF_rho1282_1.3ppm_Fe_5-1 | B39: Balazs | C39: Aleksandra | E39: 48 | F39: QC_IC_48h_v1 | G39: Custom | H39: 46228 | I39: 48h, duplicate of IC1926 | J39: Production #11 | K39: IC0338_CatA3306_AnoNNF_rho1276_AUX1Cat_AUX2Ano_48h_3-8.png
A40: IC1918_CatB13951-C_AnoNNF_rho1282_1.3ppm_Fe_6-4 | B40: Balazs | C40: Aleksandra | E40: 48 | F40: QC_IC_48h_v1 | G40: Custom | H40: 46228 | I40: duplicate of IC1919 | J40: Production #11
A41: IC1919_CatB13951-C_AnoNNF_rho1282_1.3ppm_Fe_6-5 | B41: Balazs | C41: Aleksandra | E41: 48 | F41: QC_IC_48h_v1 | G41: Custom | H41: 46228 | I41: Duplicate of IC1918 | J41: Production #11 | K41: IC0337_CatA3300_AnoNNF_rho1276_AUX1Cat_AUX2Ano_168h_3-2.png
A42: IC1920_CatB13951-TL_AnoNNF_rho1282_1.3ppm_Fe_6-6 | B42: Balazs | C42: Aleksandra | E42: 48 | F42: QC_IC_48h_v1 | G42: Custom | H42: 46228 | I42: Duplicate of IC1921 | J42: Production #11
A43: IC1921_CatB13951-TL_AnoNNF_rho1282_1.3ppm_Fe_6-7 | B43: Balazs | C43: Aleksandra | E43: 48 | F43: QC_IC_48h_v1 | G43: Custom | H43: 46228 | I43: duplicate of IC1920 | J43: Production #11 | K43: IC0366_CatA03306_AnoNNF_rho1276_AUX1Cat_AUX2Ano-2-7.png
A44: IC1922_CatB13951-BR_AnoNNF_rho1282_1.3ppm_Fe_6-8 | B44: Balazs | C44: Aleksandra | E44: 48 | F44: QC_IC_48h_v1 | G44: Custom | H44: 46228 | I44: Duplicate of IC1923 | J44: Production #11 | K44: IC0365_CatA03298_AnoNNF_rho1276_AUX1Cat_AUX2Ano-3-2.png
A45: IC1923_CatB13951-BR_AnoNNF_rho1282_1.3ppm_Fe_7-1 | B45: Balazs | C45: Aleksandra | E45: 48 | F45: QC_IC_48h_v1 | G45: Custom | H45: 46228 | I45: Duplicate of IC1922 | J45: Production #11 | K45: IC0373_CatA3296_AnoNNF_rho1276_AUX1Cat_AUX2Ano_3-5.png
A46: IC1933_CatB14016-TR_AnoNNF_rho1282_1.3ppm_Fe_T_7-2 | B46: Balazs | C46: Antonina | E46: 48 | F46: QC_IC_48h_v1 | G46: Custom | H46: 46230 | I46: Operator test, assembled by Tosia, 48h, new iron solution | J46: Production #11 | K46: IC0390_CatA3308_AnoNNF_rho1276_AUX1Cat_AUX2Ano_2-7.png
A47: IC1932_CatB14016-TR_AnoNNF_rho1282_1.3ppm_Fe_T_5-3 | B47: Balazs | C47: Antonina | E47: 48 | F47: QC_IC_48h_v1 | G47: Custom | H47: 46230 | I47: Operator test, assembled by Tosia, 48h, new iron solution | J47: Production #11 | K47: IC0392_CatA3306_AnoNNF_rho1276_AUX1Cat_AUX2Ano_3-1.png
A48: IC1930_CatB14016-TR_AnoNNF_rho1282_1.3ppm_Fe_T_2-3 | B48: Balazs | C48: Antonina | E48: 48 | F48: QC_IC_48h_v1 | G48: Custom | H48: 46230 | I48: Operator test, assembled by Tosia, 48h, new iron solution | J48: Production #11
A49: IC1935_CatB14016-TR_AnoNNF_rho1282_1.3ppm_Fe_O_7-7 | B49: Balazs | C49: Aleksandra | E49: 48 | F49: QC_IC_48h_v1 | G49: Custom | H49: 46230 | I49: Operator test, assembled by Ola, 48h, new iron solution | J49: Production #11
A50: IC1934_CatB14016-TR_AnoNNF_rho1282_1.3ppm_Fe_O_7-8 | B50: Balazs | C50: Aleksandra | E50: 48 | F50: QC_IC_48h_v1 | G50: Custom | H50: 46230 | I50: Operator test, assembled by Ola, 48h, new iron solution | J50: Production #11
A51: IC1931_CatB14016-TR_AnoNNF_rho1282_1.3ppm_Fe_O_2-5 | B51: Balazs | C51: Aleksandra | E51: 48 | F51: QC_IC_48h_v1 | G51: Custom | H51: 46230 | I51: Operator test, assembled by Ola, 48h, new iron solution | J51: Production #11
A52: IC1929_CatB14002-TR_AnoNNF_rho1282_1.3ppm_Fe_1-6 | B52: Balazs | C52: Aleksandra | E52: 48 | F52: QC_IC_48h_v1 | G52: Custom | H52: 46230 | I52: new iron solution | J52: Production #11
A53: IC1928_CatB13999-TR_AnoNNF_rho1282_1.3ppm_Fe_1-5 | B53: Balazs | C53: Aleksandra | E53: 48 | F53: QC_IC_48h_v1 | G53: Custom | H53: 46228 | J53: Production #11
A54: IC1936_CatB14016-TR_AnoNNF_rho1282_1.3ppm_Fe_Oniel_4-1 | B54: Balazs | C54: Oniel | D54: Aleksandra | E54: 48 | F54: QC_IC_48h_v1 | G54: Custom | H54: 46232 | I54: Operator test - Oniel | J54: Production #11
A55: IC1937_CatB14016-TR_AnoNNF_rho1282_1.3ppm_Fe_Oniel_4-2 | B55: Balazs | C55: Oniel | D55: Aleksandra | E55: 48 | F55: QC_IC_48h_v1 | G55: Custom | H55: 46232 | I55: Operator test - Oniel | J55: Production #11
A56: IC1938_CatB14016-TR_AnoNNF_rho1282_1.3ppm_Fe_Oniel_4-3 | B56: Balazs | C56: Oniel | D56: Aleksandra | E56: 48 | F56: QC_IC_48h_v1 | G56: Custom | H56: 46232 | I56: Operator test - Oniel | J56: Production #11
A57: IC1944_CatB14037-TR_AnoNNF_rho1282_1.3ppm_Fe_6-4 | B57: Balazs | C57: Antonina | D57: Aleksandra | E57: 48 | F57: QC_IC_48h_v1 | G57: Custom | H57: 46233 | J57: Production #11
A58: IC1945_CatB14063-TR_AnoNNF_rho1282_1.3ppm_Fe_6-5 | B58: Balazs | C58: Tamas | D58: Aleksandra | E58: 48 | F58: QC_IC_48h_v1 | G58: Custom | H58: 46233 | J58: Production #11
A59: IC1939_CatB14033-TR_AnoNNF_rho1282_1.3ppm_Fe_4-4 | B59: Balazs | C59: Tamas | D59: Emil | E59: 48 | F59: QC_IC_48h_v1 | G59: Custom | H59: 46233 | J59: Production #11
A60: IC1940_CatB14023-TR_AnoNNF_rho1282_1.3ppm_Fe_4-5 | B60: Balazs | C60: Tamas | D60: Emil | E60: 48 | F60: QC_IC_48h_v1 | G60: Custom | H60: 46233 | J60: Production #11
A61: IC1941_CatB14020-TR_AnoNNF_rho1282_1.3ppm_Fe_4-6 | B61: Balazs | C61: Tamas | D61: Emil | E61: 48 | F61: QC_IC_48h_v1 | G61: Custom | H61: 46233 | J61: Production #11
A62: IC1942_CatB14056-TR_AnoNNF_rho1282_1.3ppm_Fe_5-1 | B62: Balazs | C62: Antonina | D62: Emil | E62: 48 | F62: QC_IC_48h_v1 | G62: Custom | H62: 46233 | J62: Production #11
A63: IC1943_CatB14050-TR_AnoNNF_rho1282_1.3ppm_Fe_5-3 | B63: Balazs | C63: Antonina | D63: Emil | E63: 48 | F63: QC_IC_48h_v1 | G63: Custom | H63: 46233 | J63: Production #11
A64: IC1947_CatB14076-TR_AnoNNF_rho1282_1.3ppm_Fe_2-6 | B64: Balazs | C64: Antonina | D64: Emil | E64: 48 | F64: QC_IC_48h_v1 | G64: Custom | H64: 46234 | J64: Production #11
A65: IC1948_CatB14081-TR_AnoNNF_rho1282_1.3ppm_Fe_2-8 | B65: Balazs | C65: Antonina | D65: Emil | E65: 48 | F65: QC_IC_48h_v1 | G65: Custom | H65: 46234 | J65: Production #11
A66: IC1946_CatB14071-TR_AnoNNF_rho1282_1.3ppm_Fe_3-6 | B66: Balazs | C66: Antonina | D66: Emil | E66: 48 | F66: QC_IC_48h_v1 | G66: Custom | H66: 46234 | J66: Production #11
A67: IC1959_CatB14087-TR_AnoNNF_rho1282_1.3ppm_Fe_4-1 | B67: Balazs | C67: Oniel | D67: Tamas | E67: 48 | F67: QC_IC_48h_v1 | G67: Custom | H67: 46235
A68: IC1960_CatB14088-TR_AnoNNF_rho1282_1.3ppm_Fe_4-2 | B68: Balazs | C68: Oniel | D68: Tamas | E68: 48 | F68: QC_IC_48h_v1 | G68: Custom | H68: 46235
A69: IC1964_CatB14140-TR_AnoNNF_rho1282_1.3ppm_Fe_4-4 | B69: Balazs | C69: Tamas | D69: Oniel | E69: 48 | F69: QC_IC_48h_v1 | G69: Custom | H69: 46237
A70: IC1965_CatB14141-TR_AnoNNF_rho1282_1.3ppm_Fe_4-2 | B70: Balazs | C70: Tamas | D70: Tamas | E70: 48 | F70: QC_IC_48h_v1 | G70: Custom | H70: 46238
A71: IC1966_CatB14151-TR_AnoNNF_rho1282_1.3ppm_Fe_4-3 | B71: Balazs | C71: Tamas | D71: Tamas | E71: 48 | F71: QC_IC_48h_v1 | G71: Custom | H71: 46238

Sheet Accelerated
A1: IC_ID | B1: Owner | C1: Assembled by | D1: Disassembled by | E1: Test length [h] | F1: Protocol | G1: Format | H1: Experiment finished on | I1: Notes | J1: Archived in | K1: Plot
A2: IC0639_CatNNF_AnoNNF_rho1279_AUX1NaN_AUX2NaN_4-4_accelerated | B2: Balázs | C2: Akos | D2: Aleksandra | E2: 168 | F2: HPro_AST_1 | G2: Custom format | H2: 45812
A3: IC0640_CatC19_AnoNNF_rho1279_AUX1NaN_AUX2NaN_5-1_accelerated | B3: Balázs | C3: Akos | D3: Aleksandra | E3: 168 | F3: HPro_AST_1 | G3: Custom format | H3: 45812
A4: IC0656_CatNNF_AnoNNF_rho1279_AUX1NaN_AUX2NaN_4-4_accelerated | B4: Balázs | C4: Akos | D4: Akos | E4: 42.5 | F4: HPro_AST_2 | G4: Custom format | H4: 45814 | I4: LOST DATA, The file is stopped after 42,5 hours and was probably saved over with a new filename | J4: Production #3
A5: IC0657_CatC19_AnoNNF_rho1279_AUX1NaN_AUX2NaN_5-1_accelerated | B5: Balázs | C5: Akos | D5: Akos | E5: 42.5 | F5: HPro_AST_2 | G5: Custom format | H5: 45814 | I5: LOST DATA, The file is stopped after 42,5 hours and was probably saved over with a new filename
A6: IC0656_CatNNF_AnoNNF_rho1279_AUX1NaN_AUX2NaN_4-4_accelerated_v2 | B6: Balázs | C6: Akos | D6: Akos | E6: 168 | F6: HPro_AST_3 | G6: Custom format | H6: 45827
A7: IC0657_CatC19_AnoNNF_rho1279_AUX1NaN_AUX2NaN_5-1_accelerated_v2 | B7: Balázs | C7: Akos | D7: Akos | E7: 168 | F7: HPro_AST_3 | G7: Custom format | H7: 45827
A8: IC1538_CatNNF_AnoNNF_rho1282_6-6 | B8: Peter | C8: Peter | E8: 236 | F8: HPro_AST_v4.xml | G8: Custom | H8: 46116
A9: IC1577_CatB10889-TR_AnoB10882-TR_rho1282_3-7 | B9: Peter | C9: Oniel | D9: Oniel | E9: 245 | F9: HPro_AST_v4.xml | G9: Custom | H9: 46122 | I9: Initial accelerated stress test | J9: Production #10
A10: IC1804_CatGen4.1.60_AnoGen2.3_rho1282_1.3ppm_Fe_RC_7-1 | B10: Balázs | C10: Markus | D10: Emil | E10: 142 | F10: _START_STOP_IC_168h_v2_RC.xml | G10: Custom | H10: 46177 | I10: Reverse current. B1 for 4.1.60 | J10: Gen 4 Co
A11: IC1805_CatGen4.1.60_AnoGen2.3_rho1282_1.3ppm_Fe_RC_7-2 | B11: Balázs | C11: Markus | D11: Emil | E11: 142 | F11: _START_STOP_IC_168h_v2_RC.xml | G11: Custom | H11: 46177 | I11: Reverse current. B1 for 4.1.60 | J11: Gen 4 Co
A12: IC1825_CatDNC_AnoDNA_rho1279_CRoperation_after5000hoursCC_6-5_part2 | B12: Morten | C12: Antonina | D12: Frederik | E12: 845 | F12: Start test CR_onoff | G12: Custom | H12: 46216 | I12: Reverse current

Sheet H2-FOAM
A1: IC_ID | B1: Owner | C1: Assembled by | D1: Disassembled by | E1: Test length [h] | F1: Protocol | G1: Format | H1: Experiment finished on | I1: Notes | J1: Archived in | K1: Plot
A2: IC0350_CatNNF-AnoNNF-rho1276_AUX1Cat_AUX2Ano-1-5 | B2: Paolo | C2: Mathias | D2: Mathias | E2: 6 | F2: QnD_RT_6h_v1 | G2: Both | H2: 45716 | I2: Heating plate was hot when experiment began despite KOH being replaced by cooler KOH. Heating was turned off, initial temperature of cell was 38 degC. | J2: H2 foam (white binder) | K2: IC0350_CatNNF-AnoNNF-rho1276_AUX1Cat_AUX2Ano-1-5.png
A3: IC0351_CatNNF-AnoNNF-rho1276_AUX1Cat_AUX2Ano-2-1 | B3: Paolo | C3: Mathias | D3: Mathias | E3: 6 | F3: QnD_RT_6h_v1 | G3: Both | H3: 45716 | J3: H2 foam (white binder)
A4: IC0352_CatNNF-AnoNNF-rho1276_AUX1Cat_AUX2Ano-3-8 | B4: Paolo | C4: Mathias | D4: Mathias | E4: 6 | F4: QnD_RT_6h_v1 | G4: Both | H4: 45716 | J4: H2 foam (white binder)
A5: IC0359_CatNNF_AnoANF_rho1276_AUX1Cat_AUX2Ano-3-6 | B5: Paolo | C5: Mathias | D5: Andrea | E5: 6 | F5: QnD_RT_6h_v2 | G5: Both | H5: 45720 | I5: 0,5 mm PTFE | J5: H2 foam (white binder)
A6: IC0358_CatNNF_AnoANF_rho1276_AUX1Cat_AUX2Ano-3-7 | B6: Paolo | C6: Mathias | D6: Mathias | E6: 6 | F6: QnD_RT_6h_v2 | G6: Both | H6: 45720 | J6: H2 foam (white binder)
A7: IC0357_CatNNF_AnoANF_rho1276_AUX1Cat_AUX2Ano-3-8 | B7: Paolo | C7: Mathias | D7: Mathias | E7: 6 | F7: QnD_RT_6h_v2 | G7: Both | H7: 45720 | J7: H2 foam (white binder)
A8: IC0364_CatNNF_AnoANF_rho1276_AUX1NaN_AUX2NaN-3-6 | B8: Paolo | C8: Mathias | D8: Andrea | E8: 3 | F8: QnD_RT_3h_v2 | G8: Both | H8: 45720 | I8: 0,5 mm PTFE. | J8: H2 foam (white binder)
A9: IC0363_CatNNF_AnoANF_rho1276_AUX1NaN_AUX2NaN-3-7 | B9: Paolo | C9: Mathias | D9: Nerea | E9: 3 | F9: QnD_RT_3h_v2 | G9: Both | H9: 45721 | I9: 0,5 mm PTFE. | J9: H2 foam (white binder)
A10: IC0362_CatNNF_AnoANF_rho1276_AUX1NaN_AUX2NaN-3-8 | B10: Paolo | C10: Mathias | D10: Nerea | E10: 3 | F10: QnD_RT_3h_v2 | G10: Both | H10: 45721 | I10: 0,5 mm PTFE. | J10: H2 foam (white binder)
A11: IC0377_CatNNF_AnoNNF_rho1276_AUX1Lol_AUX2Lol-2-1 | B11: Paolo | C11: Mathias | D11: Mathias | E11: 3 | F11: QnD_RT_3h_v2 | G11: Both | H11: 45722 | I11: 0,5 mm PTFE | J11: H2 foam (white binder)
A12: IC0378_CatNNF_AnoNNF_rho1276_AUX1Lol_AUX2Lol-2-7 | B12: Paolo | C12: Mathias | D12: Mathias | E12: 3 | F12: QnD_RT_3h_v2 | G12: Both | H12: 45722 | I12: 0,5 mm PTFE | J12: H2 foam (white binder)
A13: IC0379_CatNNF_AnoNNF_rho1276_AUX1Lol_AUX2Lol-3-2 | B13: Paolo | C13: Mathias | D13: Mathias | E13: 3 | F13: QnD_RT_3h_v2 | G13: Both | H13: 45722 | I13: 0,5 mm PTFE | J13: Production #3
A14: IC0401A_CatNNF_AnoNNF_rho1276_AUX1Cat_AUX2Ano_270rpm_1-2 | B14: Paolo | C14: Akos | D14: Akos | E14: 1 | F14: CC4A | G14: Both | H14: 45730 | I14: 0,5 mm PTFE | J14: Production #3
A15: IC0401B_CatNNF_AnoNNF_rho1276_AUX1Cat_AUX2Ano_450rpm_1-2 | B15: Paolo | C15: Akos | D15: Akos | E15: 1 | F15: CC4A | G15: Both | H15: 45730 | I15: 0,5 mm PTFE
A16: IC0401C_CatNNF_AnoNNF_rho1276_AUX1Cat_AUX2Ano_0rpm_1-2 | B16: Paolo | C16: Akos | D16: Akos | E16: 1 | F16: CC4A | G16: Both | H16: 45730 | I16: 0,5 mm PTFE
A17: IC0401D_CatNNF_AnoNNF_rho1276_AUX1Cat_AUX2Ano_100rpm_1-2 | B17: Paolo | C17: Akos | D17: Akos | E17: 1 | F17: CC4A | G17: Both | H17: 45730 | I17: 0,5 mm PTFE
A18: IC0397_CatNNF_AnoNNF_rho1276_AUX1Cat_AUX2Ano_1-8 | B18: Paolo | C18: Nerea | D18: Akos | E18: 6 | F18: QnD_RT_6h_v2 | G18: Both | H18: 45730 | I18: 0,5 mm PTFE | J18: H2 foam (white binder)
A19: IC0402_CatNNF_AnoNNF_rho1276_AUX1Cat_AUX2Ano_3-3 | B19: Paolo | C19: Nerea | D19: Akos | E19: 3 | F19: QnD_RT_3h_v2 | G19: Both | H19: 45730 | I19: 0,5 mm PTFE | J19: H2 foam (white binder)
B20: Paolo | C20: Nerea | D20: Akos | E20: 3 | F20: QnD_RT_3h_v2 | G20: Both | H20: 45730 | I20: 0,5 mm PTFE
A21: IC0401E_CatNNF_AnoNNF_rho1276_AUX1Cat_AUX2Ano_270rpm_1-2 | B21: Paolo | C21: Akos | D21: Mathias | E21: 1 | F21: CC4A | G21: Both | H21: 45730 | I21: 0,5 mm PTFE
A22: IC0407_CatT1+NNF_AnoNNF_rho1276_AUX1Cat_AUX2Ano_3-8 | B22: Paolo | C22: Mathias | D22: Mathias | E22: 9 | F22: QnD_RT_9h_v1 | G22: Both | H22: 45733 | I22: 4 mm PTFE | J22: H2 foam (white binder)
A23: IC0408_CatT1+NNF_AnoNNF_rho1276_AUX1Cat_AUX2Ano_3-6 | B23: Paolo | C23: Mathias | D23: Mathias | E23: 9 | F23: QnD_RT_9h_v1 | G23: Both | H23: 45733 | I23: 4 mm PTFE | J23: H2 foam (white binder)
A24: IC0409_CatT1+NNF_AnoNNF_rho1276_AUX1Cat_AUX2Ano_2-1 | B24: Paolo | C24: Mathias | D24: Mathias | E24: 9 | F24: QnD_RT_9h_v1 | G24: Both | H24: 45733 | I24: 4 mm PTFE | J24: H2 foam (white binder)
A25: IC0411_CatNNF_AnoNNF_rho1276_AUX1Cat_AUX2Ano_3-4 | B25: Paolo | C25: Akos | D25: Akos | E25: 6 | F25: QnD_RT_6h_v2 | G25: Both | H25: 45733 | I25: 0,5 mm PTFE | J25: H2 foam (white binder)
A26: IC0410_CatNNF_AnoNNF_rho1276_AUX1Cat_AUX2Ano_3-3 | B26: Paolo | C26: Akos | D26: Akos | E26: 6 | F26: QnD_RT_6h_v2 | G26: Both | H26: 45733 | I26: 0,5 mm PTFE | J26: H2 foam (white binder)
A27: IC0414_CatS01-05008-N1+NNF_AnoNNF+2x0.25mmPTFE_rho1276_AUX1Cat_AUX2Ano_3-3 | B27: Paolo | C27: Akos | D27: Mathias | E27: 9 | F27: QnD_RT_9h_v1 | G27: QnD_RT_9h_v1 | H27: 45733 | I27: 4 mm PTFE | J27: H2 foam (white binder)
A28: IC0401G_CatNNF_AnoNNF_rho1276_AUX1Cat_AUX2Ano_0rpm_1-2 | B28: Paolo | C28: Nerea | D28: Mathias | E28: 20 | F28: CC4A x 20
A29: IC0418_CatTL2A1_AnoA2_rho1276_AUX1Cat_AUX2Ano_1-5 | B29: Paolo | C29: Jesper | D29: Nerea | E29: 9 | F29: QnD_RT_9h_v1 | G29: QnD_RT_9h_v1 | H29: 45736 | J29: H2 foam (white binder)
A30: IC0419_CatTL2A1_AnoA2_rho1276_AUX1Cat_AUX2Ano_1-8 | B30: Paolo | C30: Jesper | D30: Nerea | E30: 9 | F30: QnD_RT_9h_v1 | G30: QnD_RT_9h_v1 | H30: 45736 | J30: H2 foam (white binder)
A31: IC0420_CatTL2A1_AnoA2_rho1276_AUX1Cat_AUX2Ano_2-1 | B31: Paolo | C31: Jesper | D31: Nerea | E31: 9 | F31: QnD_RT_9h_v1 | G31: QnD_RT_9h_v1 | H31: 45736 | J31: H2 foam (white binder)
A32: IC0435_CatT4_AnoT4_SepT4_rho1276_AUX1NaN_AUX2NaN_1-2 | B32: Paolo | C32: Emil | D32: Emil | E32: 168 | F32: QC_IC_168h_v1 | G32: Both | H32: 45748 | I32: T4 pre-heated KOH (70 deg C) | J32: H2 foam (white binder)
A33: IC0436_CatT3_AnoT3_SepT4_rho1276_AUXNaN_AUX2NaN_T4_Membrane_1-5 | B33: Paolo | C33: Emil | D33: Emil | E33: 168 | F33: QC_IC_168h_v1 | G33: Both | H33: 45748 | I33: T4 pre-heated KOH (70 deg C) | J33: H2 foam (white binder)
A34: IC0453_CatT3_AnoT3_SepT4_rho1276_AUX1NaN_AUX2NaN_3-5 | B34: Paolo | C34: Emil | D34: Akos | E34: 58.5 | F34: _QC_IC_58.5h_temp_cond_v1_TEST_PHASE_no_rest | G34: Both | H34: 45751 | I34: Gen4 membrane | J34: H2 foam (white binder)
A35: IC0454_CatT3_AnoT3_SepT4_rho1276_AUX1NaN_AUX2NaN_3-6 | B35: Paolo | C35: Emil | D35: Akos | E35: 58.5 | F35: _QC_IC_58.5h_temp_cond_v1_TEST_PHASE_no_rest | G35: Both | H35: 45751 | I35: T3 pre-heated KOH (70 deg C), T4 separator | J35: H2 foam (white binder)
A36: IC0480_CatA3_AnoA3_SepT4_rho1276_AUX1NaN_AUX2NaN_3-7 | B36: Paolo | C36: Emil | D36: Gergo | E36: 58.5 | F36: _QC_IC_58.5h_temp_cond_v1_TEST_PHASE_12_hours | G36: Both | H36: 45757 | I36: T4 separator | J36: H2 foam (white binder)
A37: IC0481_CatA3_AnoA3_SepT4_rho1276_AUX1NaN_AUX2NaN_3-8 | B37: Paolo | C37: Emil | D37: Gergo | E37: 58.5 | F37: _QC_IC_58.5h_temp_cond_v1_TEST_PHASE_12_hours | G37: Both | H37: 45757 | I37: Gen 4 separator | J37: H2 foam (white binder)
A38: IC0499_CatA3_AnoA3_SepT4_rho1276_AUX1NaN_AUX2NaN_3-7 | B38: Paolo | C38: Emil | D38: Aleksandra | E38: 70.5 | F38: _QC_IC_58.5h_temp_cond_v1_TEST_PHASE_12_hours | G38: Both | H38: 45761 | I38: Gen4 separator, Measurement conducted in room temperature | J38: H2 foam (white binder)
A39: IC0500_CatT4_AnoT4_SepT4_rho1276_AUX1NaN_AUX2NaN_3-8 | B39: Paolo | C39: Emil | D39: Aleksandra | E39: 70.5 | F39: _QC_IC_58.5h_temp_cond_v1_TEST_PHASE_12_hours | G39: Both | H39: 45761 | I39: Gen4 separator, Measurement conducted in room temperature | J39: H2 foam (white binder)
A40: IC0575_CatT4_AnoT4_Sep4_rho1279_AUX1NaN_AUX2NaN_3-8 | B40: Paolo | C40: Emil | D40: Gergo | E40: 70.5 | F40: _QC_IC_58.5h_temp_cond_v1_TEST_PHASE_12_hours | G40: Custom | H40: 45782 | J40: H2 foam (white binder)
A41: IC0576_CatA3_AnoA3_Sep_T4_rho1279_AUX1NaN_AUX2NaN_3-7 | B41: Paolo | C41: Emil | D41: Gergo | E41: 70.5 | F41: _QC_IC_58.5h_temp_cond_v1_TEST_PHASE_12_hours | G41: Custom | H41: 45782 | J41: H2 foam (white binder)
A42: IC0594_CatT3_AnoT3_SepT4_rho1279_AUX1NaN_AUX2NaN_3-6 | B42: Paolo | C42: Emil | D42: Carmine | E42: 70.5 | F42: _QC_IC_58.5h_temp_cond_v1_TEST_PHASE_12_hours | G42: Custom | H42: 45789 | J42: H2 foam (white binder)
A43: IC0595_CatT4_AnoT4_SepT4_rho1279_AUX1NaN_AUX2NaN_3-7 | B43: Paolo | C43: Emil | D43: Nerea | E43: 70.5 | F43: _QC_IC_58.5h_temp_cond_v1_TEST_PHASE_12_hours | G43: Custom | H43: 45789 | J43: H2 foam (white binder)
A44: IC0596_CatT4_AnoT4_SepT4_rho1279_AUX1NaN_AUX2NaN_3-8 | B44: Paolo | C44: Emil | D44: Nerea | E44: 70.5 | F44: _QC_IC_58.5h_temp_cond_v1_TEST_PHASE_12_hours | G44: Custom | H44: 45789 | I44: When dissasembeling the stirrer was sticked to the cell
A45: IC0706_CatT4_AnoT4_SepT4_rho1279_AUX1NaN_AUX2NaN_3-5_1of3 | B45: Paolo | C45: Gergo | D45: Peter Mihaly | E45: 168 | F45: _QC_IC_168h_v1 | G45: Custom | H45: 45838 | I45: T4 1/3 | J45: H2 foam (white binder)
A46: IC0707_CatT4_AnoT4_SepT4_rho1279_AUX1NaN_AUX2NaN_3-6_2of3 | B46: Paolo | C46: Gergo | D46: Peter Mihaly | E46: 58.5 | F46: _QC_IC_58.5h_temp_cond_v1_TEST_PHASE_no_rest | G46: Custom | H46: 45838 | I46: T4 2/3 | J46: H2 foam (white binder)
A47: IC0708_CatT4_AnoT4_SepT4_rho1279_AUX1NaN_AUX2NaN_3-7_3of3 | B47: Paolo | C47: Gergo | D47: Peter Mihaly | E47: 58.5 | F47: _QC_IC_58.5h_temp_cond_v1_TEST_PHASE_no_rest | G47: Custom | H47: 45838 | I47: T4 3/3, refill systewm was off | J47: H2 foam (white binder)
A48: IC0709_CatT3_AnoT3_SepT4_rho1279_AUX1NaN_AUX2NaN_3-8 | B48: Paolo | C48: Gergo | D48: Peter Mihaly | E48: 58.5 | F48: _QC_IC_58.5h_temp_cond_v1_TEST_PHASE_no_rest | G48: Custom | H48: 45838 | I48: T3 | J48: H2 foam (white binder)
A49: IC0751_CatT4_AnoT4_rho1279_AUX1NaN_AUX2NaN_3-5 | B49: Paolo | C49: Emil | D49: Daniel | E49: 58.5 | F49: _QC_IC_58.5h_temp_cond_v1_TEST_PHASE_12_hours.xml | G49: Custom | H49: 45852 | J49: H2 foam (white binder)
A50: IC0750_CatT3_AnoT3_rho1279_AUX1NaN_AUX2NaN_3-6 | B50: Paolo | C50: Emil | D50: Daniel | E50: 58.5 | F50: _QC_IC_58.5h_temp_cond_v1_TEST_PHASE_12_hours.xml | G50: Custom | H50: 45852 | J50: H2 foam (white binder)
A51: IC0749_CatA3_AnoA3_rho1279_AUX1NaN_AUX2NaN_3-7 | B51: Paolo | C51: Emil | D51: Daniel | E51: 58.5 | F51: _QC_IC_58.5h_temp_cond_v1_TEST_PHASE_12_hours.xml | G51: Custom | H51: 45852 | J51: H2 foam (white binder)
A52: IC0748_CatA3_AnoA3_rho1279_AUX1NaN_AUX2NaN_3-8 | B52: Paolo | C52: Emil | D52: Daniel | E52: 58.5 | F52: _QC_IC_58.5h_temp_cond_v1_TEST_PHASE_12_hours.xml | G52: Custom | H52: 45852 | J52: Production #4
A53: IC0836_CatC2_AnoC2_rho1279_1-6 | B53: Paolo | C53: Emil | D53: Tamas | E53: 5 | F53: _QC_IC_58.5h_temp_cond_v1_TEST_PHASE_6_hours.xml | G53: Custom | H53: 45876 | I53: Stopped due to voltage peak | J53: Production #4
A54: IC0681_CatT3_AnoT3_rho1279_AUXNaN_AUX2NaN_3-5 | B54: Paolo | D54: Carmine | E54: 58.5 | F54: _QC_IC_58.5h_temp_cond_v1_TEST_PHASE_12_hours | G54: Custom format | H54: 45824 | I54: Assembled by Emil Hougaard | J54: H2 foam (white binder)
A55: IC0682_CatT3_AnoT3_rho1279_AUXNaN_AUX2NaN_3-6 | B55: Paolo | D55: Carmine | E55: 58.5 | F55: _QC_IC_58.5h_temp_cond_v1_TEST_PHASE_12_hours | G55: Custom format | H55: 45824 | I55: Assembled by Emil Hougaard | J55: H2 foam (white binder)
A56: IC0683_CatA3_AnoA3_rho1279_AUXNaN_AUX2NaN_3-7 | B56: Paolo | D56: Carmine | E56: 58.5 | F56: _QC_IC_58.5h_temp_cond_v1_TEST_PHASE_12_hours | G56: Custom format | H56: 45824 | I56: Assembled by Emil Hougaard | J56: H2 foam (white binder)
A57: IC0684_CatA3_AnoA3_rho1279_AUXNaN_AUX2NaN_3-8 | B57: Paolo | D57: Carmine | E57: 58.5 | F57: _QC_IC_58.5h_temp_cond_v1_TEST_PHASE_12_hours | G57: Custom format | H57: 45825 | I57: Assembled by Emil Hougaard | J57: H2 foam (white binder)
A58: IC0808_CatT3_AnoT3_rho1279_3-5 | B58: Paolo | C58: Emil | D58: Daniel | E58: 58.5 | F58: QC_IC_58.5h_temp_cond_v1_TEST_PHASE_no_rest | G58: Custom format | H58: 45874 | I58: Preheated KOH | J58: H2 foam (white binder)
A59: IC0809_CatT4_AnoT4_rho1279_3-6 | B59: Paolo | C59: Emil | D59: Daniel | E59: 58.5 | F59: QC_IC_58.5h_temp_cond_v1_TEST_PHASE_no_rest | G59: Custom format | H59: 45874 | I59: Preheated KOH | J59: H2 foam (white binder)
A60: IC0811_CatA3_AnoA3_rho1279_3-7 | B60: Paolo | C60: Emil | D60: Daniel | E60: 58.5 | F60: QC_IC_58.5h_temp_cond_v1_TEST_PHASE_no_rest | G60: Custom format | H60: 45874 | I60: Preheated KOH | J60: H2 foam (white binder)
A61: IC0810_CatA3_AnoA3_rho1279_3-8 | B61: Paolo | C61: Emil | D61: Daniel | E61: 58.5 | F61: QC_IC_58.5h_temp_cond_v1_TEST_PHASE_no_rest | G61: Custom format | H61: 45874 | I61: Preheated KOH | J61: H2 foam (white binder)
A62: IC0834_CatT3_AnoT3_rho1279_3-8 | B62: Paolo | C62: Oniel | D62: Oniel | E62: 58.5 | F62: _QC_IC_58.5h_temp_cond_v1_TEST_PHASE_6_hours.xml | G62: Custom format | H62: 45886 | J62: H2 Giga Mesh vs. Foam

Sheet LC-H2
A1: IC_ID | B1: Owner | C1: Assembled by | D1: Disassembled by | E1: Test length [h] | F1: Protocol | G1: Format | H1: Experiment finished on | I1: Notes | J1: Archived in | K1: Plot
A2: IC0085_CatNF_AnoGK01006_T90_rho1287_AUX1Ano_AUX2Cat_1-3 | B2: Gergo | E2: 167 | F2: 0_ImmersionCellStandardProcedure_DN | G2: Both | H2: 45547 | J2: Gergo IC samples | K2: IC0085_CatNF_AnoGK01006_T90_rho1287_AUX1Ano_AUX2Cat_1-3.png
A3: IC0086_CatNF_AnoGK01006_T90_rho1287_AUX1Ano_AUX2Cat_3-5 | B3: Gergo | E3: 97 | F3: 0_ImmersionCellStandardProcedure_DN | G3: Both | H3: 45547 | I3: *Cut-off on plot | J3: Gergo IC samples | K3: IC0086_CatNF_AnoGK01006_T90_rho1287_AUX1Ano_AUX2Cat_3-5.png
A4: IC0144_CatNNF_AnoGK009_rho1287_AUX1Cat_AUX2Ano_3-3 | B4: Gergo | E4: 171 | F4: QC_IC_168h_v1 | G4: Both | H4: 45604 | I4: PULSED 30 sec ON/OFF | J4: Gergo IC samples | K4: IC0144_CatNNF_AnoGK009_rho1287_AUX1Cat_AUX2Ano_3-3.png
A5: IC0145_CatNNF_AnoGK006_T90_rho1287_AUX1NaN_AUX2NaN_3-4 | B5: Gergo | E5: 171 | F5: QC_IC_168h_v1 | G5: Both | H5: 45604 | I5: 30 SEC - 1000 mA | J5: Gergo IC samples | K5: IC0145_CatNNF_AnoGK006_T90_rho1287_AUX1NaN_AUX2NaN_3-4.png
A6: IC0150_CatNNF_AnoGK011_rho1287_AUX1Cat_AUX2Ano_3-3 | B6: Gergo | E6: 171 | F6: QC_IC_168h_v1 | G6: Both | H6: 45613 | J6: Gergo IC samples | K6: IC0150_CatNNF_AnoGK011_rho1287_AUX1Cat_AUX2Ano_3-3.png
A7: IC0151_CatNNF_AnoGK010_T90_rho1287_AUX1NaN_AUX2NaN_3-4 | B7: Gergo | E7: 171 | F7: QC_IC_168h_v1 | G7: Both | H7: 45613 | J7: Gergo IC samples | K7: IC0151_CatNNF_AnoGK010_T90_rho1287_AUX1NaN_AUX2NaN_3-4.png
A8: IC0165_CatNNF_AnoGK012_T90_rho1287_AUX1NaN_AUX2NaN_2-5 | B8: Gergo | E8: 171 | F8: QC_IC_168h_v1 | G8: Both | H8: 45622 | I8: 1 min ON/OFF, 5 min, 10 mA/cm2 | J8: Gergo IC samples | K8: IC0165_CatNNF_AnoGK012_T90_rho1287_AUX1NaN_AUX2NaN_2-5.png
A9: IC0166_CatNNF_AnoGK013_T90_rho1287_AUX1NaN_AUX2NaN_2-7 | B9: Gergo | E9: 171 | F9: QC_IC_168h_v1 | G9: Both | H9: 45622 | I9: 1 min ON/OFF, 3 min, 10 mA/cm2 | J9: Gergo IC samples | K9: IC0166_CatNNF_AnoGK013_T90_rho1287_AUX1NaN_AUX2NaN_2-7.png
A10: IC0251_CatNNF_AnoGK19_rho1287_AUX1NaN_AUX2NaN_2-7 | B10: Gergo | E10: 171 | F10: QC_IC_168h_v1 | G10: Both | H10: 45679 | I10: 30 SEC ON/OFF for 3 minutes in FeCl2 solution | J10: Gergo IC samples | K10: IC0251_CatNNF_AnoGK19_rho1287_AUX1NaN_AUX2NaN_2-7.png
A11: IC0252_CatNNF_AnoGK20_rho1287_AUX1NaN_AUX2NaN_2-8 | B11: Gergo | E11: 171 | F11: QC_IC_168h_v1 | G11: Both | H11: 45679 | I11: 30 SEC ON/OFF for 5 minutes in FeCl2 solution (FeCl2 from now on until further notice) | J11: Gergo IC samples | K11: IC0252_CatNNF_AnoGK20_rho1287_AUX1NaN_AUX2NaN_2-8.png
A12: IC0292_CatNNF_AnoGK25_rho1276_AUX1NaN_AUX2NaN_preheated-KOH(70C)_58.5hour-12hour_1-8 | B12: Gergo | C12: Gergo | D12: Gergo | E12: 70 | F12: QC_IC_58.5h...12_hours | G12: Both | H12: 45698 | I12: 10 SEC ON/OFF (0.05 Hz) for 3 minutes in FeCl2 solution | J12: Gergo IC samples | K12: -
A13: IC0293_CatNNF_AnoGK26_rho1276_AUX1NaN_AUX2NaN_preheatedKOH(70)_58.5hour_2-7 | B13: Gergo | C13: Gergo | D13: Gergo | E13: 70 | F13: QC_IC_58.5h...12_hours | G13: Both | H13: 45698 | I13: 1 SEC ON/OFF (0.5 Hz) for 3 minutes in FeCl2 solution | J13: Gergo IC samples | K13: -
A14: IC0294_CatNNF_AnoGK27_rho1276_AUX1NaN_AUX2NaN_preheatedKOH(70)_58.5hour_3-2 | B14: Gergo | C14: Gergo | D14: Gergo | E14: 70 | F14: QC_IC_58.5h...12_hours | G14: Both | H14: 45698 | I14: 0.1 SEC ON/OFF (5 Hz) for 3 minutes in FeCl2 solution | J14: Gergo IC samples | K14: -
A15: IC0300_CatNNF_AnoGK28_rho1276_AUX1NaN_AUX2NaN_70hours_1-8 | B15: Gergo | C15: Gergo | D15: Gergo | E15: 70 | F15: QC_IC_58.5h...12_hours | G15: Both | H15: 45705 | I15: 3 min PULSED - 50 Hz - 0.1 M conc. FeCl2 solution - 70-hour experiment | J15: Gergo IC samples | K15: -
A16: IC0310_CatNNF_AnoGK29_rho1276_AUX1NaN_AUX2NaN_64h-experiment_2-5 | B16: Gergo | C16: Gergo | D16: Gergo | E16: 64 | F16: QC_IC_58.5h...6_hours | G16: Both | H16: 45705 | I16: 3 min PULSED - 50 Hz - 0.5 M conc. FeCl2 solution - 64-hour experiment NOT comparable data - was running at 80 deg | K16: -
A17: IC0311_CatNNF_AnoGK30_rho1276_AUX1NaN_AUX2NaN_64h-experiment_2-7 | B17: Gergo | C17: Gergo | D17: Gergo | E17: 64 | F17: QC_IC_58.5h...6_hours | G17: Both | H17: 45705 | I17: 3 min PULSED - 50 Hz - 1.0 M conc. FeCl2 solution - 64-hour experiment NOT comparable data - was running at 80 deg | K17: -
A18: IC0318_CatNNF_AnoGK29_rho1276_AUX1_NaN_AUX2NaN_64h-exp_1-8 | B18: Gergo | C18: Gergo | D18: Nerea | E18: 64 | F18: QC_IC_58.5h...6_hours | G18: Both | H18: 45708 | I18: 50 Hz - 0.5 M conc. - preheated KOH (70 deg) | J18: Gergo IC samples | K18: -
A19: IC0319_CatNNF_AnoGK30_rho1276_AUX1_NaN_AUX2NaN_64h-exp_2-5 | B19: Gergo | C19: Gergo | D19: Nerea | E19: 64 | F19: QC_IC_58.5h...6_hours | G19: Both | H19: 45708 | I19: 50 Hz - 1.0 M conc. - preheated KOH (70 deg) | J19: Gergo IC samples | K19: -
A20: IC0346_CatNNF_AnoGK31_rho1276_AUX1NaN_AUX2NaN_1-3 | B20: Gergo | C20: Gergo | D20: Gergo | E20: 64 | F20: QC_IC_58.5h...6_hours | G20: Both | H20: 45716 | I20: 0.05 Hz, 6 min plating, 50% duty cycle | J20: Gergo IC samples | K20: -
A21: IC0353_CatNNF_AnoGK32_rho1276_AUX1NaN_AUX2NaN_1-3 | B21: Gergo | C21: Gergo | D21: Gergo | E21: 64 | F21: QC_IC_58.5h...6_hours | G21: Both | H21: 45719 | I21: 0.5 Hz, 6 min plating, 50% duty cycle | J21: Gergo IC samples | K21: -
A22: IC0354_CatNNF_AnoGK33_rho1276_AUX1NaN_AUX2NaN_1-5 | B22: Gergo | C22: Gergo | D22: Gergo | E22: 64 | F22: QC_IC_58.5h...6_hours | G22: Both | H22: 45719 | I22: 5 Hz, 6 min plating, 50% duty cycle | J22: Gergo IC samples | K22: -
A23: IC0355_CatNNF_AnoGK34_rho1276_AUX1NaN_AUX2NaN_3-5 | B23: Gergo | C23: Gergo | D23: Gergo | E23: 64 | F23: QC_IC_58.5h...6_hours | G23: Both | H23: 45719 | I23: 50 Hz, 6 min plating, 50% duty cycle | J23: Gergo IC samples | K23: -
A24: IC0356_CatNNF_AnoGK35_rho1276_AUX1NaN_AUX2NaN_3-6 | B24: Gergo | C24: Gergo | D24: Gergo | E24: 64 | F24: QC_IC_58.5h...6_hours | G24: Both | H24: 45719 | I24: 5 Hz, 6 min plating, 50% duty cycle | J24: Gergo IC samples | K24: -
A25: IC0368_CatNNF_AnoGK36_rho1276_AUX1NaN_AUX2NaN_1-3 | B25: Gergo | C25: Gergo | D25: Nerea | E25: 62.5 | F25: ? | G25: Both | H25: 45726 | I25: 3 min plating at 5 Hz WITH magnetic stirrer, 1 of 2. | J25: Gergo IC samples | K25: IC0368_CatNNF_AnoGK36_rho1276_AUX1NaN_AUX2NaN_1-3.png
A26: IC0369_CatNNF_AnoGK37_rho1276_AUX1NaN_AUX2NaN_1-5 | B26: Gergo | C26: Gergo | D26: Nerea | E26: 62.5 | F26: ? | G26: Both | H26: 45726 | I26: 3 min plating at 5 Hz WITH magnetic stirrer, 2 of 2. | J26: Gergo IC samples | K26: -
A27: IC0383_CatNNF_AnoGK38_rho1276_AUX1Cat_AUX2Ano_1-8 | B27: Gergo | C27: Gergo | D27: Nerea | E27: 48 | F27: QC_IC_48h_v2_TEST_PHASE | G27: Both | H27: 45726 | I27: Pretreated cathode, 70 degrees KOH. Bubbled nitrogen in the solution before adding iron. 80:20 - Ni:Fe ratio. | J27: Gergo IC samples | K27: IC0383_CatNNF_AnoGK38_rho1276_AUX1Cat_AUX2Ano_1-8.png
A28: IC0385_CatNNF_AnoGK40_rho1276_AUX1Cat_AUX2Ano_2-7 | B28: Gergo | C28: Gergo | D28: Nerea | E28: 48 | F28: QC_IC_48h_v2_TEST_PHASE | G28: Both | H28: 45726 | I28: Pretreated cathode, 70 degrees KOH. Bubbled nitrogen in the solution before adding iron. 60:40 - Ni:Fe ratio. | J28: Gergo IC samples | K28: IC0385_CatNNF_AnoGK40_rho1276_AUX1Cat_AUX2Ano_2-7.png
A29: IC0386_CatNNF_AnoGK41_rho1276_AUX1Cat_AUX2Ano_2-8 | B29: Gergo | C29: Gergo | D29: Nerea | E29: 48 | F29: QC_IC_48h_v2_TEST_PHASE | G29: Both | H29: 45726 | I29: Pretreated cathode, 70 degrees KOH. Bubbled nitrogen in the solution before adding iron. 60:40 - Ni:Fe ratio. | J29: Gergo IC samples | K29: IC0386_CatNNF_AnoGK41_rho1276_AUX1Cat_AUX2Ano_2-8.png
... A33: IC0406_CatNNF_AnoGK44_rho1276_AUX1Cat_AUX2Ano_2-4 | B33: Gergo | C33: Gergo | D33: Nerea | E33: 48 | F33: QC_IC_48h_v2_TEST_PHASE | G33: Both | H33: 45733 | I33: DC for 3 minutes | J33: Gergo IC samples | K33: IC0406_CatNNF_AnoGK44_rho1276_AUX1Cat_AUX2Ano_2-4.png
A34: IC0444_CatNNF_AnoGK48_LEFT_rho1276_AUX1Cat_AUX2Ano_3-1 | B34: Gergo | C34: Gergo | D34: Gergo | E34: 48 | F34: QC_IC_48h_v2_TEST_PHASE | G34: Both | H34: 45747 | I34: Fe(NO3)3 was used! 30 min DC plating with stirring. 1 of 2. | J34: Gergo IC samples
A35: IC0445_CatNNF_AnoGK48_RIGHT_rho1276_AUX1Cat_AUX2Ano_3-2 | B35: Gergo | C35: Gergo | D35: Gergo | E35: 48 | F35: QC_IC_48h_v2_TEST_PHASE | G35: Both | H35: 45747 | I35: Fe(NO3)3 was used! 30 min DC plating with stirring. 2 of 2 | J35: Gergo IC samples
A36: IC0446_CatNNF_AnoGK47_rho1276_AUX1Cat_AUX2Ano_3-3 | B36: Gergo | C36: Gergo | D36: Gergo | E36: 48 | F36: QC_IC_48h_v2_TEST_PHASE | G36: Both | H36: 45747 | I36: Fe(NO3)3 was used. 30 min DC plating without stirring. 1 of 2. | J36: Gergo IC samples
A37: IC0447_CatNNF_AnoGK47_rho1276_AUX1Cat_AUX2Ano_3-5 | B37: Gergo | C37: Gergo | D37: Gergo | E37: 48 | F37: QC_IC_48h_v2_TEST_PHASE | G37: Both | H37: 45747 | I37: Fe(NO3)3 was used. 30 min DC plating without stirring. 2 of 2. | J37: Gergo IC samples
A38: IC0460_CatNNF_AnoGK46_rho1276_AUX1Cat_AUX2Ano_1-5 | B38: Gergo | C38: Gergo | D38: Gergo | E38: 48 | F38: QC_IC_48h_v2_TEST_PHASE | G38: Both | H38: 45751 | I38: Fe(NO3)3 solution, 3 min DC plating, WITH stirring, 1 of 2. | J38: Gergo IC samples
A39: IC0459_CatNNF_AnoGK45_AUX1Cat_AUX2Ano_1-2 | B39: Gergo | C39: Gergo | D39: Akos | E39: 48 | F39: QC_IC_48h_v2_TEST_PHASE | G39: Both | H39: 45751 | I39: Fe(NO3)3 solution, 3 min DC plating, NO stirring, 1 of 2. | J39: Gergo IC samples
A40: IC0471_CatNNF_Ano_GK49DARK_rho1276_AUX1Cat_AUX2Ano_3-5 | B40: Gergo | C40: Gergo | D40: Nerea | E40: 48 | F40: QC_IC_48h_v2_TEST_PHASE | G40: Both | H40: 45754 | I40: DC ramping up from 1 to 20 mA/cm2. 1 ofDC ramping up from 1 to 20 mA/cm2. 1 of 2. | J40: Gergo IC samples
A41: IC0472_CatNNF_AnoGK49LIGHT_rho1276_AUX1Cat_AUX2Ano_3-6 | B41: Gergo | C41: Gergo | D41: Nerea | E41: 48 | F41: QC_IC_48h_v2_TEST_PHASE | G41: Both | H41: 45754 | I41: DC ramping up from 1 to 20 mA/cm2. 2 of 2 | J41: Gergo IC samples
A42: IC0494_CatNNF_AnoGK50-DARK_rho1276_AUX1Cat_AUX2Ano_3-5 | B42: Gergo | C42: Gergo | D42: Gergo | E42: 48 | F42: QC_IC_48h_v2_TEST_PHASE | G42: Both | H42: 45758 | I42: Recipe 2: DC ramp-up from 1-10 mA/cm2. 300 rpm | J42: Gergo IC samples
A43: IC0495_CatNNF_AnoGK50-LIGHT_rho1276_AUX1Cat_AUX2Ano_3-6 | B43: Gergo | C43: Gergo | D43: Gergo | E43: 48 | F43: QC_IC_48h_v2_TEST_PHASE | G43: Both | H43: 45758 | I43: Recipe 2: DC ramp-up from 1-10 mA/cm2. 300 rpm | J43: Gergo IC samples
A44: IC0496_CatNNF_AnoGK51-DARK_rho1276_AUX1Cat_AUXAno_4-2 | B44: Gergo | C44: Gergo | D44: Gergo | E44: 48 | F44: QC_IC_48h_v2_TEST_PHASE | G44: Both | H44: 45761 | I44: Recipe 3: DC ramp-up from 5-30 mA/cm2. 300 rpm | J44: Gergo IC samples
A45: IC0497_CatNNF_AnoGK51-LIGHT_rho1276_AUX1Cat_AUX2Ano_4-3 | B45: Gergo | C45: Gergo | D45: Gergo | E45: 48 | F45: QC_IC_48h_v2_TEST_PHASE | G45: Both | H45: 45761 | I45: Recipe 3: DC ramp-up from 5-30 mA/cm2. 300 rpm | J45: Gergo IC samples
... A48: IC0502_CatNNF_AnoGK52_rho1276_AUX1Cat_AUXAno_4-2 | B48: Gergo | C48: Gergo | D48: Gergo | E48: 48 | F48: QC_IC_48h_v2_TEST_PHASE | G48: Both | H48: 45763 | I48: Pulsed plating for 3 minutes at 5 Hz with Fe(NO3)3 solution. 1 of 2. | J48: Gergo IC samples
A49: IC0503_CatNNF_AnoGK52_rho1276_AUX1Cat_AUXAno_4-3 | B49: Gergo | C49: Gergo | D49: Gergo | E49: 48 | F49: QC_IC_48h_v2_TEST_PHASE | G49: Both | H49: 45763 | I49: Pulsed plating for 3 minutes at 5 Hz with Fe(NO3)3 solution. 2 of 2.
A50: IC0507_CatNNF_AnoGK54_rho1276_AUX1Cat_AUX2Ano_1-6 | B50: Gergo | C50: Gergo | D50: Carmine | E50: 48 | F50: _QC_IC_48h_v2_TEST_PHASE.xml | G50: Both | H50: 45765 | I50: Pulsed plating for 30 minutes, 5 Hz. 1 of 2. | J50: Gergo IC samples
A51: IC0508_CatNNF_AnoGK54_rho1276_AUX1Cat_AUX2Ano_1-7 | B51: Gergo | C51: Gergo | D51: Carmine | E51: 48 | F51: _QC_IC_48h_v2_TEST_PHASE.xml | G51: Both | H51: 45765 | I51: Pulsed plating for 30 minutes, 5 Hz. 2 of 2. | J51: Gergo IC samples
A52: IC0514_CatNNF_AnoGK56_rho1276_AUX1Cat_AUX2Ano_3-5 | B52: Gergo | C52: Gergo | D52: Carmine | E52: 168 | F52: _QC_IC_168h_v1.xml | G52: Both | H52: 45770 | I52: DC ramp-up, Recipe 1: 1 to 20 mA/cm2, 300 rpm. 1 of 2. 168 hours | J52: Gergo IC samples
A53: IC0515_CatNNF_AnoGK56_rho1276_AUX1Cat_AUX2Ano_3-6 | B53: Gergo | C53: Gergo | D53: Carmine | E53: 168 | F53: _QC_IC_168h_v1.xml | G53: Both | H53: 45770 | I53: DC ramp-up, Recipe 1: 1 to 20 mA/cm2, 300 rpm. 2 of 2. 168 hours | J53: Gergo IC samples
A54: IC0557_CatNNF_AnoGK57_rho1276_AUX1Cat_AUX2Ano_3-5 | B54: Gergo | C54: Gergo | D54: Gergo | E54: 48 | F54: QC_IC_48h_v2_TEST_PHASE | G54: Both | H54: 45778 | I54: DC ramp-up, Recipe 1: 1-20 mA/cm2. 200 rpm. 1 of 2
A55: IC0558_CatNNF_AnoGK57_rho1276_AUX1Cat_AUX2Ano_3-6 | B55: Gergo | C55: Gergo | D55: Gergo | E55: 48 | F55: QC_IC_48h_v2_TEST_PHASE | G55: Both | H55: 45778 | I55: DC ramp-up, Recipe 1: 1-20 mA/cm2. 200 rpm. 2 of 2
A56: IC0572_CatNNF_AnoGK57_rho1276_AUX1Cat_AUX2Ano_168h_3-6 | B56: Gergo | C56: Gergo | D56: Aleksandra | E56: 168 | F56: _QC_IC_168h_v1.xml | G56: Both | H56: 45786 | I56: DC ramp-up, Recipe 1: 1-20 mA/cm2. 200 rpm. 2 of 2, Continued measurement of IC0558 for 168 hours. | J56: Gergo IC samples
A57: IC0605_CatNNF_AnoGK60FAR_rho1279_AUX1Cat_AUX2Ano_3-7 | B57: Gergo | C57: Gergo | D57: Julia | E57: 48 | F57: _QC_IC_48h_v2_TEST_PHASE.xml | G57: both | H57: 45793 | I57: Recipe 1 - Asymmetric plating, This side of the sample was shifted away from the CE. | J57: Gergo plated samples
A58: IC0593_CatNNF_AnoGK57_rho1276_AUX1Cat_AUX2Ano_3-5 | B58: Gergo | C58: Gergo | D58: Aleksandra | E58: 499 | F58: 0__QC_IC_Gergo_20days.xml | G58: both | H58: 45807 | I58: DC ramp-up, Recipe 1: 1-20 mA/cm2. 200 rpm. 1 of 2 | J58: Gergo IC samples

Sheet H2-Electrode
A1: IC_ID | B1: Owner | C1: Assembled by | D1: Disassembled by | E1: Test length [h] | F1: Protocol | G1: Format | H1: Experiment finished on | I1: Notes | J1: Archived in | K1: Plot
A2: IC0113_AnoNF_CatPLD0.2µmNF_T90_rho1287_AUX1Cat_AUX2Ano_1-5 | B2: Paolo | E2: 168 | F2: QC_IC_168 | G2: Both | H2: 21/10/2024 | I2: renamed in PL's folder | K2: IC0113_AnoNF_CatPLD0.2µmNF_T90_rho1287_AUX1Cat_AUX2Ano_1-5.png
A3: IC0114_CatPLD1µmNF_AnoNNF_T90_rho1287_AUX1Cat_AUX2Ano_1-8 | B3: Paolo | E3: 168 | F3: QC_IC_168 | G3: Both | H3: 21/10/2024 | I3: renamed in PL's folder | J3: H2 electrodes PLD | K3: IC0114_CatPLD1µmNF_AnoNNF_T90_rho1287_AUX1Cat_AUX2Ano_1-8.png
A4: IC0115_CatPLD5µmNF_AnoNNF_T90_rho1287_AUX1Cat_AUX2Ano_1-7 | B4: Paolo | E4: 168 | F4: QC_IC_168 | G4: Both | H4: 21/10/2024 | I4: renamed in PL's folder | J4: H2 electrodes PLD | K4: IC0115_CatPLD5µmNF_AnoNNF_T90_rho1287_AUX1Cat_AUX2Ano_1-7.png
A5: IC0121_CatNNF_AnoPLD5µmNF_T90_rho1287_AUX1Cat_AUX2Ano_1-8 | B5: Paolo | E5: 168 | F5: QC_IC_168 | G5: Both | H5: 28/10/2024 | I5: renamed in PL's folder | J5: H2 electrodes PLD | K5: IC0121_CatNNF_AnoPLD5µmNF_T90_rho1287_AUX1Cat_AUX2Ano_1-8.png
A6: IC0120_CatNNF_AnoPLD0,2µmNF_T90_rho1287_AUX1Cat_AUX2Ano_1-7 | B6: Paolo | E6: 168 | F6: QC_IC_168 | G6: Both | H6: 28/10/2024 | I6: renamed in PL's folder | J6: H2 electrodes PLD | K6: IC0120_CatNNF_AnoPLD0,2µmNF_T90_rho1287_AUX1Cat_AUX2Ano_1-7.png
A7: IC0119_CatNNF_AnoPLD1µmNF_T90_rho1287_AUX1Cat_AUX2Ano_1-5 | B7: Paolo | E7: 168 | F7: QC_IC_168 | G7: Both | H7: 28/10/2024 | I7: renamed in PL's folder | J7: H2 electrodes PLD | K7: IC0119_CatNNF_AnoPLD1µmNF_T90_rho1287_AUX1Cat_AUX2Ano_1-5.png
A8: IC0147_CatPLD0.2um_AnoNNF_rho1287_AUX1Cat_AUX2Ano_1-2 | B8: Paolo | E8: 171 | F8: QC_IC_168 | G8: Both | H8: 13/11/2024 | J8: H2 electrodes PLD | K8: IC0147_CatPLD0.2um_AnoNNF_rho1287_AUX1Cat_AUX2Ano_1-2.png
A9: IC0148_CatPLD5.0um_AnoNNF_rho1287_AUX1NaN_AUX2Ano_1-8 | B9: Paolo | E9: 171 | F9: QC_IC_168 | G9: Both | H9: 13/11/2024 | I9: renamed in PL's folder | J9: H2 electrodes PLD | K9: IC0148_CatPLD5.0um_AnoNNF_rho1287_AUX1NaN_AUX2Ano_1-8.png
A10: IC0149_CatPLD1um_AnoNNF_rho1287_AUX1Cat_AUX2Ano_1-3 | B10: Paolo | E10: 171 | F10: QC_IC_168 | G10: Both | H10: 14/11/2024 | J10: H2 electrodes PLD | K10: IC0149_CatPLD1um_AnoNNF_rho1287_AUX1Cat_AUX2Ano_1-3.png
A11: IC0167_CatNNF_AnoPLD0.2µm_T90_rho1287_AUX1Cat_AUX2Ano_3-4 | B11: Paolo | E11: 171 | F11: QC_IC_168 | G11: Both | H11: 27/11/2024 | I11: renamed in PL's folder | J11: H2 electrodes PLD | K11: IC0167_CatNNF_AnoPLD0.2µm_T90_rho1287_AUX1Cat_AUX2Ano_3-4.png
A12: IC0171_CatNFF_AnoPLD1um_rho1287_AUX1NaN_AUX2Ano_NaN_1-8 | B12: Paolo | E12: 168 | F12: QC_IC_168 | G12: Both | H12: 28/11/2024 | J12: Production #2 | K12: IC0171_CatNFF_AnoPLD1um_rho1287_AUX1NaN_AUX2Ano_NaN_1-8.png
A13: IC0194_CatNNF_AnoPLD1um_rho1287_AUX1NaN_AUX2Ano_NaN_1-8 | B13: Paolo | E13: 168 | F13: QC_IC_168 | G13: Both | H13: 45608 | J13: H2 electrodes PLD | K13: IC0194_CatNNF_AnoPLD1um_rho1287_AUX1NaN_AUX2Ano_NaN_1-8.png
A14: IC0198_CatNNF_AnoPLD5um_rho1287_AUX1Cat_AUX2Ano_1-2 | B14: Paolo | E14: 168 | F14: QC_IC_168 | G14: Both | H14: 13/12/2024 | J14: H2 electrodes PLD | K14: IC0198_CatNNF_AnoPLD5um_rho1287_AUX1Cat_AUX2Ano_1-2.png
A15: IC0199_CatNNF_AnoPLD0,2um_rho1287_AUX1Ano_AUX2NaN_3-4 | B15: Paolo | E15: 168 | F15: QC_IC_168 | G15: Both | H15: 13/12/2024 | I15: Battery tester failure along the experiment resulting sudden potential drop; renamed in PL's folder | J15: H2 electrodes PLD | K15: IC0199_CatNNF_AnoPLD0,2um_rho1287_AUX1Ano_AUX2NaN_3-4.png
A16: IC0200_CatPLD5um_AnoNNF_rho1287_AUX1Cat_AUX2Ano_3-3 | B16: Paolo | E16: 168 | F16: QC_IC_168 | G16: Both | H16: 13/12/2024 | I16: Battery tester failure along the experiment resulting sudden potential drop | J16: H2 electrodes PLD | K16: IC0200_CatPLD5um_AnoNNF_rho1287_AUX1Cat_AUX2Ano_3-3.png
A17: IC0201_CatNNF_AnoPLD5um_rho1287_AUX1Cat_AUX2NaN_2-8 | B17: Paolo | E17: 168 | F17: QC_IC_168 | G17: Both | H17: 13/12/2024 | J17: H2 electrodes PLD | K17: IC0201_CatNNF_AnoPLD5um_rho1287_AUX1Cat_AUX2NaN_2-8.png
A18: IC0203_CatNNF_AnoPLD0,2um_rho1287_AUX1Cat_AUX2NaN_2-5 | B18: Paolo | E18: 168 | F18: QC_IC_168 | G18: Both | H18: 16/12/2024 | I18: renamed in PL's folder | J18: H2 electrodes PLD | K18: IC0203_CatNNF_AnoPLD0,2um_rho1287_AUX1Cat_AUX2NaN_2-5.png
A19: IC0202_CatPLD1um_AnoNNF_rho1287_AUX1Cat_AUX2NaN_2-7 | B19: Paolo | E19: 168 | F19: QC_IC_168 | G19: Both | H19: 45642 | J19: H2 electrodes PLD | K19: IC0202_CatPLD1um_AnoNNF_rho1287_AUX1Cat_AUX2NaN_2-7.png
A20: IC0477_CatNNF_AnoPLD_Ni_2.5_um_rho1276_AUX1NaN_AUX2NaN_5-6 | B20: Paolo | C20: Péter Álmos | D20: None | E20: 58.5 | F20: QC_IC_58.5 | G20: Both | H20: 07.04.2025 | I20: Temperature regulator had alarm 2 during run | K20: IC0477_CatNNF_AnoPLD_Ni_2.5_um_rho1276_AUX1NaN_AUX2NaN_5-6.png
A21: IC0463_CatPLD_2.5um_AnoNNF_rho1276_AUX1NaN_AUX2NaN_1-3 | B21: Paolo | C21: Nerea | D21: Nerea | E21: 64.5 | F21: QC_IC_58.5_6h | G21: Both | H21: 45754 | I21: 1 of 3 | J21: H2 electrodes PLD | K21: IC0463_CatPLD_2.5um_AnoNNF_rho1276_AUX1NaN_AUX2NaN_1-3.png
A22: IC0464_CatPLD_5um_AnoNNF_rho1276_AUX1NaN_AUX2NaN_2-3 | B22: Paolo | C22: Nerea | D22: Nerea | E22: 64.5 | F22: QC_IC_58.5_6h | G22: Both | H22: 45754 | I22: 1 of 3 | J22: H2 electrodes PLD | K22: IC0464_CatPLD_5um_AnoNNF_rho1276_AUX1NaN_AUX2NaN_2-3.png
A23: IC0465_CatPLD_10um_AnoNNF_rho1276_AUX1NaN_AUX2NaN_2-8 | B23: Paolo | C23: Nerea | D23: Nerea | E23: 64.5 | F23: QC_IC_58.5_6h | G23: Both | H23: 45754 | I23: 1 of 3 | J23: H2 electrodes PLD | K23: IC0465_CatPLD_10um_AnoNNF_rho1276_AUX1NaN_AUX2NaN_2-8.png
A24: IC0478_CatNNF_AnoPLD_Ni_2.5_um_rho1276_AUX1NaN_AUX2NaN_5-6 | B24: Paolo | C24: Péter Álmos | D24: Gergo | E24: 58.5 | F24: QC_IC_58.5 | G24: Both | H24: 45757 | I24: Anode PLD-Ni 2.5 um, cathode NNF. 1 of 3 | J24: H2 electrodes PLD | K24: IC0478_CatNNF_AnoPLD_Ni_2.5_um_rho1276_AUX1NaN_AUX2NaN_5-6.png
A25: IC0519_CatPLDNi2.5uM_AnoNNF_rho1276_AUX1NaN_AUX2NaN_4-3 | B25: Paolo | C25: Nerea | D25: Akos | E25: 64.5 | F25: QC_IC_58.5_6h | G25: Both | H25: 45765 | I25: 3/3, after 6 hours rest period the protocol stopped, and the temperature controller was off | J25: H2 electrodes PLD | K25: NO PLOT
A26: IC0527_CatNNF_AnoPLD2.5_um _rho1276_AUX1NaN_AUX2NaN_2-7_2_3 | B26: Paolo | C26: Akos | D26: Carmine | E26: 64.5 | F26: QC_IC_58.5_6h | G26: Both | H26: 45766 | I26: 2 of 3 | K26: IC0527_CatNNF_AnoPLD2.5_um _rho1276_AUX1NaN_AUX2NaN_2-7_2_3.png
A27: IC0516_CatPLDNi2.5uM_AnoNNF_rho1276_AUX1NaN_AUX2NaN_3-7 | B27: Paolo | C27: Nerea | D27: Carmine | E27: 64.5 | F27: QC_IC_58.5_6h | G27: Both | H27: 45767 | I27: 2 of 3 | J27: H2 electrodes PLD | K27: IC0516_CatPLDNi2.5uM_AnoNNF_rho1276_AUX1NaN_AUX2NaN_3-7.png
A28: IC0517_CatPLDNi5uM_AnoNNF_rho1276_AUX1NaN_AUX2NaN_3-8 | B28: Paolo | C28: Nerea | D28: Carmine | E28: 64.5 | F28: QC_IC_58.5_6h | G28: Both | H28: 45767 | I28: 2 of 3 | J28: H2 electrodes PLD | K28: IC0517_CatPLDNi5uM_AnoNNF_rho1276_AUX1NaN_AUX2NaN_3-8.png
A29: IC0518_CatPLDNi10uM_AnoNNF_rho1276_AUX1NaN_AUX2NaN_4-2_2_3 | B29: Paolo | C29: Nerea | D29: Péter Álmos | E29: 64.5 | F29: QC_IC_58.5_6h | G29: Both | H29: 45769 | I29: 2 of 3, Gen3 sep | J29: H2 electrodes PLD | K29: IC0518_CatPLDNi10uM_AnoNNF_rho1276_AUX1NaN_AUX2NaN_4-2_2_3.png
A30: IC0525_CatPLDNi5uM_AnoNNF_rho1276_AUX1NaN_AUX2NaN_4-3_3_3 | B30: Paolo | C30: Akos | D30: Péter Álmos | E30: 64.5 | F30: QC_IC_58.5_6h | G30: Both | H30: 45769 | I30: 3 of 3 , Gen3 sep | J30: H2 electrodes PLD | K30: IC0525_CatPLDNi5uM_AnoNNF_rho1276_AUX1NaN_AUX2NaN_4-3_3_3.png
A31: IC0526_CatPLD 10 um_AnoNNF_rho1276_AUX1NaN_AUX2NaN_5-6_3/3 | B31: Paolo | C31: Akos | D31: Carmine | E31: 64.5 | F31: _QC_IC_58.5h_6h | G31: Both | H31: 45769 | I31: 3 of 3 , Gen3 sep | J31: H2 electrodes PLD | K31: IC0526_CatPLD 10 um_AnoNNF_rho1276_AUX1NaN_AUX2NaN_5-6_3of3.png
A32: IC0527_CatNNF_AnoPLD2.5_um _rho1276_AUX1NaN_AUX2NaN_2-7_2_3 | B32: Paolo | C32: Akos | E32: 64.5 | F32: _QC_IC_58.5h_6h | G32: Both | H32: 45769 | I32: 2 of 3, Gen3 sep | J32: H2 electrodes PLD | K32: IC0527_CatNNF_AnoPLD2.5_um _rho1276_AUX1NaN_AUX2NaN_2-7_2_3.png
A33: IC0531_CatNNF_AnoPLDNi2.5um_rho1276_AUX1NaN_AUX2NaN_3-7 | B33: Paolo | C33: Nerea | D33: Péter Álmos | E33: 64.5 | F33: _QC_IC_58.5h_6h | G33: Both | H33: 45772 | I33: 3 of 3 , Gen3 sep | J33: H2 electrodes PLD | K33: IC0531_CatNNF_AnoPLDNi2.5um_rho1276_AUX1NaN_AUX2NaN_3-7.png
A34: IC0532_CatNNF_AnoPLDNi5um_rho1276_AUX1NaN_AUX2NaN_3-8 | B34: Paolo | C34: Nerea | D34: Péter Álmos | E34: 64.5 | F34: _QC_IC_58.5h_6h | G34: Both | H34: 45772 | I34: 1 of 3, Gen 3 sep | J34: H2 electrodes PLD | K34: IC0532_CatNNF_AnoPLDNi5um_rho1276_AUX1NaN_AUX2NaN_3-8.png
A35: IC0533_CatNNF_AnoPLDNi10um_rho1276_AUX1NaN_AUX2NaN_4-2 | B35: Paolo | C35: Nerea | D35: Péter Álmos | E35: 64.5 | F35: _QC_IC_58.5h_6h | G35: Both | H35: 45772 | I35: 1 of 3, Gen 3 sep | J35: H2 electrodes PLD | K35: IC0533_CatNNF_AnoPLDNi10um_rho1276_AUX1NaN_AUX2NaN_4-2.png
A36: IC0537_CatNNF_AnoPLDNi5um_rho1276_AUX1NaN_AUX2NaN_3-5 | B36: Paolo | C36: Akos | D36: Gergo | E36: 64.5 | F36: _QC_IC_58.5h_6h | G36: Both | H36: 45775 | I36: pretreated cathode, preheated, 2 of 3 | J36: H2 electrodes PLD | K36: IC0537_CatNNF_AnoPLDNi5um_rho1276_AUX1NaN_AUX2NaN_3-5.png
A37: IC0538_CatNNF_AnoPLDNi10um_rho1276_AUX1NaN_AUX2NaN_3-6 | B37: Paolo | C37: Akos | D37: Gergo | E37: 64.5 | F37: _QC_IC_58.5h_6h | G37: Both | H37: 45775 | I37: pretreated cathode, preheated, 2 of 3 | J37: H2 electrodes PLD | K37: IC0538_CatNNF_AnoPLDNi10um_rho1276_AUX1NaN_AUX2NaN_3-6.png
A38: IC0543_CatNNF_AnoPLDNi2.5um_rho1276_AUX1NaN_AUX2NaN_3-7 | B38: Paolo | C38: Péter Álmos | D38: Gergo | E38: 64.5 | F38: _QC_IC_58.5h_6h | G38: Both | H38: 45775 | I38: Pretreated NNF, preheated KOH and Beaker Repeat 3/3, using SEM sample | J38: H2 electrodes PLD | K38: IC0543_CatNNF_AnoPLDNi2.5um_rho1276_AUX1NaN_AUX2NaN_3-7.png
A39: IC0544_CatPLDNi2.5um_AnoNNF_rho1276_AUX1NaN_AUX2NaN_3-8 | B39: Paolo | C39: Péter Álmos | D39: Gergo | E39: 64.5 | F39: _QC_IC_58.5h_6h | G39: Both | H39: 45775 | I39: Pretreated NNF, preheated KOH and Beaker Repeat 3/3, using SEM sample | J39: H2 electrodes PLD | K39: IC0544_CatPLDNi2.5um_AnoNNF_rho1276_AUX1NaN_AUX2NaN_3-8.png
A40: IC0542_Cat_NNF_AnoPLD_Ni_10mm_rho1276_AUX1NaN_AUX2NaN_2-3 | B40: Paolo | C40: Carmine | D40: Gergo | E40: 64.5 | F40: _QC_IC_58.5h_6h | G40: Both | H40: 45775 | I40: 3 of 3 | J40: H2 electrodes PLD | K40: IC0542_Cat_NNF_AnoPLD_Ni_10mm_rho1276_AUX1NaN_AUX2NaN_2-3.png
A41: IC0540_CatNNF_AnoPLDNi10um_rho1276_AUX1NaN_AUX2NaN_4-6 | B41: Paolo | C41: Akos | D41: Gergo | E41: 64.5 | F41: _QC_IC_58.5h_6h | G41: Both | H41: 45775 | I41: pretreated cathode, preheated, 3 of 3 | J41: H2 electrodes PLD | K41: IC0540_CatNNF_AnoPLDNi10um_rho1276_AUX1NaN_AUX2NaN_4-6.png
A42: IC0553_Cat1NiMo5µm_AnoNNF_rho1276_AUX1NaN_AUX2NaN_3-7 | B42: Paolo | C42: Jesper | D42: Gergo | E42: 64.5 | F42: _QC_IC_58.5h_6h | G42: Both | H42: 45778 | J42: H2 electrodes PLD | K42: IC0553_Cat1NiMo5µm_AnoNNF_rho1276_AUX1NaN_AUX2NaN_3-7.png
A43: IC0554_CatNNF_Ano1NiMo5µm_rho1276_AUX1NaN_AUX2NaN_3-8 | B43: Paolo | C43: Jesper | D43: Gergo | E43: 64.5 | F43: _QC_IC_58.5h_6h | G43: Both | H43: 45778 | J43: H2 electrodes PLD | K43: IC0554_CatNNF_Ano1NiMo5µm_rho1276_AUX1NaN_AUX2NaN_3-8.png
A44: IC0582_Cat1Ni-Mo_5µm_AnoNNF_rho1279_AUX1NaN_AUX2NaN_3-7 | B44: Paolo | C44: Gergo | D44: Carmine | E44: 64.5 | F44: _QC_IC_58.5h_6h | G44: Custom | H44: 45785 | I44: 2 of 3 | J44: H2 electrodes PLD | K44: IC0582_Cat1Ni-Mo_5µm_AnoNNF_rho1279_AUX1NaN_AUX2NaN_3-7.png
A45: IC0583_Cat1NiMo5µm_AnoNNF_rho1279_AUX1NaN_AUX2NaN_3-8 | B45: Paolo | C45: Gergo | D45: Carmine | E45: 64.5 | F45: _QC_IC_58.5h_6h | G45: Custom | H45: 45785 | I45: 3 of 3 | J45: H2 electrodes PLD | K45: IC0583_Cat1NiMo5µm_AnoNNF_rho1279_AUX1NaN_AUX2NaN_3-8.png
A46: IC0603_CatNiMo3.5µm_AnoNNF_rho1279_AUX1NaN_AUX2NaN_3-6 | B46: Paolo | C46: Akos | D46: Péter Álmos | E46: 64.5 | F46: _QC_IC_58.5h_6h | G46: Custom | H46: 45793 | I46: pretreated, preheated | J46: H2 electrodes PLD | K46: IC0603_CatNiMo3.5µm_AnoNNF_rho1279_AUX1NaN_AUX2NaN_3-6.png

Sheet H2-SAF
A1: IC_ID | B1: Owner | C1: Assembled by | D1: Disassembled by | E1: Test length [h] | F1: Protocol | G1: Format | H1: Experiment finished on | I1: Notes | J1: Archived in | K1: Plot
A2: IC0155_CatNF3_AnoNNF_rho1287_AUX1NaN_AUX2Ano_NaN | B2: Filippo | E2: 168 | F2: QC_IC_168 | G2: Both | H2: 21/11/24 | I2: Top left | J2: H2SAF | K2: IC0155_CatNF3_AnoNNF_rho1287_AUX1NaN_AUX2Ano_NaN.png
A3: IC0154_CatNF2_AnoNNF_rho1287_AUX1NaN_AUX2Ano_NaN | B3: Filippo | E3: 168 | F3: QC_IC_168 | G3: Both | H3: 21/11/24 | I3: Top left | J3: H2SAF | K3: IC0154_CatNF2_AnoNNF_rho1287_AUX1NaN_AUX2Ano_NaN.png
A4: IC0163_CatNF4_AnoNNF_rho1287_AUX1NaN_AUX2Ano_NaN_1-3 | B4: Filippo | E4: 168 | F4: QC_IC_168 | G4: Both | H4: 26/11/24 | I4: Top left | K4: IC0163_CatNF4_AnoNNF_rho1287_AUX1NaN_AUX2Ano_NaN_1-3.png
A5: IC0164_CatNF5_AnoNNF_rho1287_AUX1NaN_AUX2Ano_NaN_1-6 | B5: Filippo | E5: 171 | F5: QC_IC_168 | G5: Both | H5: 26/11/24 | I5: Top left | K5: IC0164_CatNF5_AnoNNF_rho1287_AUX1NaN_AUX2Ano_NaN_1-6.png
A6: IC0343_CatS01-R3B200TU_AnoS01-ANF_rho1276_AUX1NaN_AUX2NaN-1-6 | B6: Filippo | C6: Nerea | D6: Julie | E6: 168 | F6: QC_IC_168 | G6: Both | H6: 45720 | J6: H2SAF | K6: IC0343_CatS01-R3B200TU_AnoS01-ANF_rho1276_AUX1NaN_AUX2NaN-1-6.png
A7: IC0344_CatS01-R1200TU_AnoS01-ANF_rho1276_AUX1NaN_AUX2NaN-1-7 | B7: Filippo | C7: Nerea | D7: Julie | E7: 168 | F7: QC_IC_169 | G7: Both | H7: 45721 | J7: H2SAF | K7: IC0344_CatS01-R1200TU_AnoS01-ANF_rho1276_AUX1NaN_AUX2NaN-1-7.png
A8: IC0348_CatR150TU_AnoANF_rho1276_AUX1NaN_AUX2NaN-2-3 | B8: Filippo | C8: Andrea / Nerea | D8: Nerea | E8: 168 | F8: QC_IC_168 | G8: Both | H8: 45722 | I8: no compression | J8: H2SAF | K8: IC0348_CatR150TU_AnoANF_rho1276_AUX1NaN_AUX2NaN-2-3.png
A9: IC0349_CatR3B50TU_AnoANF_rho1276_AUX1NaN_AUX2NaN-2-4 | B9: Filippo | C9: Andrea / Nerea | D9: Nerea | E9: 168 | F9: QC_IC_168 | G9: Both | H9: 45722 | I9: no compression | J9: H2SAF | K9: IC0349_CatR3B50TU_AnoANF_rho1276_AUX1NaN_AUX2NaN-2-4.png
A10: IC0381_CatR3B3hTLF_2T_AnoANF_2T_rho1276_AUX1NaN_AUX2NaN_1-7 | B10: Filippo | C10: Nerea | D10: Akos | E10: 168 | F10: QC_IC_168 | G10: Both | H10: 45730 | J10: H2SAF | K10: IC0381_CatR3B3hTLF_2T_AnoANF_2T_rho1276_AUX1NaN_AUX2NaN_1-7.png
A11: IC0380_CatR3B3hBRF_2T_AnoANF_2T_rho1276_AUX1NaN_AUX2NaN_1-6 | B11: Filippo | C11: Nerea | D11: Akos | E11: 168 | F11: QC_IC_168 | G11: Both | H11: 45730 | J11: H2SAF | K11: IC0380_CatR3B3hBRF_2T_AnoANF_2T_rho1276_AUX1NaN_AUX2NaN_1-6.png
A12: IC0382_CatCNF_2T_AnoANF_2T_rho1276_AUX1Cat_AUX2Ano_2-3 | B12: Filippo | C12: Nerea | D12: Akos | E12: 168 | F12: QC_IC_168 | G12: Both | H12: 45730 | I12: Pretreated anode and cathode 70 degrees KOH | J12: H2SAF | K12: IC0382_CatCNF_2T_AnoANF_2T_rho1276_AUX1Cat_AUX2Ano_2-3.png
A13: IC0412_CatCNF_2T_AnoANF_2T_rho1276_AUX1Cat_AUX2Ano_1-6 | B13: Filippo | C13: Nerea | D13: Julie | E13: 168 | F13: QC_IC_168 | G13: Both | H13: 45741 | I13: Pretreated anode and cathode, 70 degrees KOH | J13: Production #3 | K13: IC0412_CatCNF_2T_AnoANF_2T_rho1276_AUX1Cat_AUX2Ano_1-6.png
A14: IC0413_CatCNF_2T_AnoANF_2T_rho1276_AUX1Cat_AUX2Ano_1-7 | B14: Filippo | C14: Nerea | D14: Julie | E14: 168 | F14: QC_IC_168 | G14: Both | H14: 45741 | I14: Pretreated anode and cathode, 70 degrees KOH | J14: Production #3 | K14: IC0413_CatCNF_2T_AnoANF_2T_rho1276_AUX1Cat_AUX2Ano_1-7.png
A15: IC0438_CatR3B5h_2T_AnoANF_2T_rho1276_AUX1NaN_AUX2NaN_1-6 | B15: Filippo | C15: Julie | D15: Nerea | E15: 168 | F15: QC_IC_168 | G15: Both | H15: 45749 | I15: 70 degrees KOH, no pretreatment, compression | J15: H2SAF | K15: IC0438_CatR3B5h_2T_AnoANF_2T_rho1276_AUX1NaN_AUX2NaN_1-6.png
A16: IC0439_CatR3B5h_2T_AnoANF_2T_rho1276_AUX1NaN_AUX2NaN_2-8 | B16: Filippo | C16: Julie | D16: Nerea | E16: 168 | F16: QC_IC_168 | G16: Both | H16: 45749 | I16: 70 degrees KOH, compression, no pretreatment | J16: H2SAF | K16: IC0439_CatR3B5h_2T_AnoANF_2T_rho1276_AUX1NaN_AUX2NaN_2-8.png
A17: IC0466_CatSAF12_2T_AnoANF_2T_rho1276_AUX1NaN_Aux2NaN_1-6 | B17: Filippo | C17: Nerea | D17: Gergo | E17: 168 | F17: QC_IC_168 | G17: Both | H17: 45758 | I17: Pretreated anode, 70 C KOH, Gen3 membrane | J17: H2SAF | K17: IC0466_CatSAF12_2T_AnoANF_2T_rho1276_AUX1NaN_Aux2NaN_1-6.png
A18: IC0467_CatSAF13_2T_AnoANF_2T_rho1276_AUX1NaN_Aux2NaN_2-1 | B18: Filippo | C18: Nerea | D18: Gergo | E18: 168 | F18: QC_IC_168 | G18: Both | H18: 45758 | I18: Pretreated anode, 70 C KOH, Gen3 membrane | J18: H2SAF | K18: IC0467_CatSAF13_2T_AnoANF_2T_rho1276_AUX1NaN_Aux2NaN_2-1.png
A19: IC0520_CatGEN3_2T_AnoANF_2T_rho1276_AUX1Cat_AUX2Ano_1-6 | B19: Filippo | C19: Nerea | D19: Akos | E19: 168 | F19: QC_IC_168 | G19: Both | H19: 45771 | I19: Pretreatment + 70 degrees KOH | K19: IC0520_CatGEN3_2T_AnoANF_2T_rho1276_AUX1Cat_AUX2Ano_1-6.png
A20: IC0521_CatGEN3_2T_AnoANF_2T_rho1276_AUX1Cat_AUX2Ano_1-7 | B20: Filippo | C20: Nerea | D20: Akos | E20: 168 | F20: QC_IC_168 | G20: Both | H20: 45771 | I20: Pretreatment + 70 degrees KOH | K20: IC0521_CatGEN3_2T_AnoANF_2T_rho1276_AUX1Cat_AUX2Ano_1-7.png
A21: IC0566_CatETC2_2T_AnoANF_2T_rho1276_AUX1NaN_AUX2NaN_1-3 | B21: Filippo | C21: Nerea | D21: Carmine | E21: 168 | F21: QC_IC_168 | G21: Custom | H21: 45785 | I21: - | K21: IC0566_CatETC2_2T_AnoANF_2T_rho1276_AUX1NaN_AUX2NaN_1-3.png
A22: IC0567_CatETC4_2T_AnoANF_2T_rho1276_AUX1NaN_AUX2NaN_2-1 | B22: Filippo | C22: Nerea | D22: Gergo | E22: 168 | F22: QC_IC_168 | G22: Custom | H22: 45785 | J22: H2SAF | K22: IC0567_CatETC4_2T_AnoANF_2T_rho1276_AUX1NaN_AUX2NaN_2-1.png
A23: IC0580_CatETC3_2T_AnoANF_rho1279_AUX1NaN_AUX2NaN_1-6 | B23: Filippo | C23: Gergo | D23: Nerea/Akos | E23: 168 | F23: QC_IC_168 | G23: Custom | H23: 45789 | J23: H2SAF | K23: IC0580_CatETC3_2T_AnoANF_rho1279_AUX1NaN_AUX2NaN_1-6.png
A24: IC0581_CatETC5_2T_AnoANF_2T_rho1279_AUX1NaN_AUX2NaN_1-7 | B24: Filippo | C24: Gergo | D24: Nerea/Akos | E24: 168 | F24: QC_IC_168 | G24: Custom | H24: 45789 | J24: H2SAF | K24: IC0581_CatETC5_2T_AnoANF_2T_rho1279_AUX1NaN_AUX2NaN_1-7.png
A25: IC0634_CatETC4_AnoANF_rho1276_AUX1NaN_AUX2NaN_1-7 | B25: Filippo | C25: Julie | D25: Aleksandra/Carmine | E25: 168 | F25: QC_IC_168 | G25: Custom | H25: 45810 | I25: Pretreated Anode - not compressed | J25: H2SAF | K25: IC0634_CatETC4_AnoANF_rho1276_AUX1NaN_AUX2NaN_1-7.png
A26: IC0635_CatETC5_AnoANF_rho1276_AUX1NaN_AUX2NaN_1-6 | B26: Filippo | C26: Julie | D26: Aleksandra/Carmine | E26: 168 | F26: QC_IC_168 | G26: Custom | H26: 45810 | I26: Pretreated Anode, no compression | J26: H2SAF | K26: IC0635_CatETC5_AnoANF_rho1276_AUX1NaN_AUX2NaN_1-6.png
A27: IC0699_CatETC18_AnoNNF_rho1279_AUX1NaN_AUX2NaN_1-6 | B27: Filippo | C27: Julie | D27: Julie | E27: 168 | F27: QC_IC_168 | G27: Custom | H27: 45838 | I27: Pretreated Anode, no compression | J27: H2SAF
A28: IC0700_CatETC17_AnoNNF_rho1279_AUX1NaN_AUX2NaN_1-7 | B28: Filippo | C28: Julie | D28: Julie | E28: 168 | F28: QC_IC_168 | G28: Custom | H28: 45838 | I28: Pretreated Anode, no compression | J28: H2SAF
A29: IC0701_CatETC16_AnoNNF_rho1279_AUX1NaN_AUX2NaN_1-8 | B29: Filippo | C29: Julie | D29: Julie | E29: 168 | F29: QC_IC_168 | G29: Custom | H29: 45838 | I29: Pretreated Anode, no compression | J29: H2SAF
A30: IC0726_CatETC16_AnoNNF_rho1279_AUX1NaN_AUX2NaN_1-6 | B30: Julie | C30: Julie | D30: Carmine/Mohammadreza | E30: 168 | F30: QC_IC_168 | G30: Custom | H30: 45847 | I30: no compression | J30: H2SAF
A31: IC0727_CatETC16_AnoNNF_rho1279_AUX1NaN_AUX2NaN_1-7 | B31: Julie | C31: Julie | D31: Carmine/Mohammadreza | E31: 168 | F31: QC_IC_168 | G31: Custom | H31: 45847 | I31: no compression | J31: H2SAF
A32: IC0728_CatETC16_AnoNNF_rho1279_AUX1NaN_AUX2NaN_1-8 | B32: Julie | C32: Julie | D32: Carmine/Mohammadreza | E32: 168 | F32: QC_IC_168 | G32: Custom | H32: 45847 | I32: no compression | J32: H2SAF
A33: IC0733_CatNNF_AnoNNF_rho1279_AUX1NaN_AUX2NaN_2-3_1of3 | D33: Carmine/Mohammadreza | E33: 168 | F33: _QC_IC_3000h_v1.xml | G33: Custom
A34: IC0918_CatPreNNF_AnoPreNNF_rho1279_1-6 | B34: Julie | C34: Julie | E34: 168 | F34: _168h_48hCC_10cyclesCCwithRCshutoff.xml | G34: Custom | H34: 45917 | I34: Preheated KOH, Beaker, Pretreated electrodes | J34: Julie Pulse Plating
A35: IC0920_CatPreNNF_AnoPreNNF_rho1279_1-7 | B35: Julie | C35: Julie | E35: 168 | F35: QC_IC_168 | G35: Custom | H35: 45919 | I35: Preheated KOH | J35: Julie Pulse Plating
A36: IC0921_CatPulse-1_AnoPulse-1_rho_1279_1-8 | B36: Julie | C36: Julie | E36: 168 | F36: _168h_48hCC_10cyclesCCwithRCshutoff.xml | G36: Custom | H36: 45919 | I36: Preheated KOH | J36: Julie Pulse Plating
A37: IC0937_CatPreNNF_AnoPreNNF_rho1279_3-4 | B37: Julie | C37: Julie | D37: Tamas | E37: 168 | F37: _QC_IC_168h_v1.xml | G37: Custom | H37: 45926 | I37: Preheated KOH
A38: IC0938_CatPreNNF_AnoPreNNF_rho1279_2-2 | B38: Julie | C38: Julie | D38: Tamas | E38: 168 | F38: _QC_IC_168h_v1.xml | G38: Custom | H38: 45926 | I38: Preheated KOH
A39: IC0939_CatPreNNF_AnoPreNNF_rho1279_1-6 | B39: Julie | C39: Julie | D39: Tamas | E39: 168 | F39: _QC_IC_168h_v1.xml | G39: Custom | H39: 45926 | I39: Preheated KOH
A40: IC0940_CatPreNNF_AnoPreNNF_rho1279_1-7 | B40: Julie | C40: Julie | D40: Tamas | E40: 168 | F40: _QC_IC_168h_v1.xml | G40: Custom | H40: 45926 | I40: Preheated KOH
A41: IC0941_CatPreNNF_AnoPreNNF_rho1279_2-1 | B41: Julie | C41: Julie | D41: Tamas | E41: 168 | F41: _QC_IC_168h_v1.xml | G41: Custom | H41: 45926 | I41: Preheated KOH
A42: IC0942_CatPreNNF_AnoPreNNF_rho1279_1-8 | B42: Julie | C42: Julie | D42: Tamas | E42: 168 | F42: _QC_IC_168h_v1.xml | G42: Custom | H42: 45926 | I42: Preheated KOH | J42: Julie Pulse Plating
A43: IC0946_CatPulse-1_AnoPulse-1_rho1279_5-2 | B43: Julie | C43: Julie | D43: Oniel | E43: 168 | F43: _QC_IC_168h_v1.xml | G43: Custom | H43: 45930 | I43: Preheated KOH
A44: IC0947_CatPulse-1_AnoPulse-1_rho1279_5-5 | B44: Julie | C44: Julie | D44: Aleksandra | E44: 237 | F44: _168h_48hCC_10cyclesCCwithRCshutoff.xml | G44: Custom | H44: 45932 | I44: Preheated KOH Please save in IC_Logbook: H2-SAF | J44: Julie Pulse Plating
A45: IC1299_CatPC-3_AnoPC-3_rho1281_1-3 | B45: Julie | C45: Julie | D45: Tamas | E45: 168 | F45: _QC_IC_168h_v1.xml | G45: Custom | H45: 46052 | I45: preheated beaker, preheated KOH, 1/1
A46: C1300_CatCC-4_AnoCC-4_rho1281_1-5 | B46: Julie | C46: Julie | D46: Tamas | E46: 168 | F46: _QC_IC_168h_v1.xml | G46: Custom | H46: 46052 | I46: preheated beaker, preheated KOH, 1/1
A47: IC1334_CatPC-6_AnoPC-6_rho1281_1-5 | B47: Julie | C47: Julie | D47: Tamas | E47: 168 | F47: _QC_IC_168h_v1.xml | G47: Custom | H47: 46061 | I47: preheated beaker, preheated KOH, 1/1 | J47: Julie puls plating (white binder)
A48: IC1333_CatPC-5_AnoPC-5_rho1281_1-3 | B48: Julie | C48: Julie | D48: Tamas | E48: 168 | F48: _QC_IC_168h_v1.xml | G48: Custom | H48: 46061 | I48: preheated beaker, preheated KOH, 1/1 | J48: Julie Pulse Plating
A49: IC1413_CatPC-12_AnoPC-12_rho1281_1-8 | B49: Julie | C49: Julie | D49: Julie | E49: 67 | F49: _QC_IC_168h_v1.xml | G49: Custom | H49: 46076 | I49: preheated beaker, preheated KOH, 1/2. Ended before do to high voltage after short time
A50: IC1414_CatPC-11_AnoPC-11_rho1281_1-5 | B50: Julie | C50: Julie | D50: Julie | E50: 91 | F50: _QC_IC_168h_v1.xml | G50: Custom | H50: 46077 | I50: preheated beaker, preheated KOH, 1/2. Ended before do to fine trend and capacity issues
A51: IC1415_CatPC-11_AnoPC-11_rho1281_1-3 | B51: Julie | C51: Julie | D51: Julie | E51: 92 | F51: _QC_IC_168h_v1.xml | G51: Custom | H51: 46077 | I51: preheated beaker, preheated KOH, 2/2. Ended before do to fine trend and capacity issues
A52: IC1420_CatPC-12_AnoPC-12_rho1281_1-8 | B52: Julie | C52: Julie | D52: Julie | E52: 96 | F52: _QC_IC_168h_v1.xml | G52: Custom | H52: 46080 | I52: preheated beaker, preheated KOH, 2/2. Ended before do to fine trend and capacity issues | J52: Julie Pulse Plating
A53: IC1424_CatPC-13_AnoPC-13_rho1281_1-3 | B53: Julie | C53: Julie | D53: Julie | E53: 70 | F53: _QC_IC_168h_v1.xml | G53: Custom | H53: 46080 | I53: preheated beaker, preheated KOH, 1/2. Ended before do to fine trend and capacity issues
A54: IC1423_CatPC-3_AnoPC-3_rho1281_1-5 | B54: Julie | C54: Julie | D54: Julie | E54: 70 | F54: _QC_IC_168h_v1.xml | G54: Custom | H54: 46080 | I54: preheated beaker, preheated KOH, 2/2. Ended before do to fine trend and capacity issues | J54: Julie Pulse Plating
A55: IC1442_CatPC-13_AnoPC-13_rho1281_1-8 | B55: Julie | C55: Julie | D55: Oniel | E55: 168 | F55: _QC_IC_168h_v1.xml | G55: Custom | H55: 46087 | I55: Preheated beaker and KOH, duplicate 2/2 | J55: Pulse Plating
A56: IC1444_CatPC-14_AnoPC-14_rho1281_1-5 | B56: Julie | C56: Julie | D56: Oniel | E56: 168 | F56: _QC_IC_168h_v1.xml | G56: Custom | H56: 46087 | I56: Preheated KOH and beaker, duplicate 2/2 | J56: Pulse Plating
A57: IC1443_CatPC-14_AnoPC-14_rho1281_1-3 | B57: Julie | C57: Julie | D57: Oniel | E57: 168 | F57: _QC_IC_168h_v1.xml | G57: Custom | H57: 46087 | I57: Preheated KOH and beaker, duplicate 1/2 | J57: Pulse Plating
A58: IC1478_CatPC-16T_AnoPC-16T_rho1281_1-3 | B58: Julie | C58: Julie | D58: Julie | E58: 96 | F58: _QC_IC_168h_v1.xml | G58: Custom | H58: 46094 | I58: Preheated KOH and beaker | J58: Julie Pulse Plating
A59: IC1479_CatPC-16B_AnoPC-16B_rho1281_1-5 | B59: Julie | C59: Julie | D59: Julie | E59: 96 | F59: _QC_IC_168h_v1.xml | G59: Custom | H59: 46094 | I59: Preheated KOH and beaker | J59: Julie Pulse Plating
A60: IC1496_CatCC-17B_AnoPC-17B_rho1281_1-3 | B60: Julie | C60: Julie | E60: 168 | F60: _QC_IC_168h_v1.xml | G60: Custom | H60: 46102 | I60: Preheated KOH and beaker | J60: Julie Pulse Plating
A61: IC1497_CatCC-17T_AnoPC-17T_rho1281_1-5 | B61: Julie | C61: Julie | E61: 168 | F61: _QC_IC_168h_v1.xml | G61: Custom | H61: 46102 | I61: Preheated KOH and beaker | J61: Julie Pulse Plating
A62: IC1750_CatPC7_AnoPC7_rho1282_1.3ppm_Fe_7-7 | B62: Julie | C62: Tamas | D62: Marcus | E62: 168 | F62: _QC_IC_168h_v1.xml | G62: Custom | H62: 46160 | J62: Julie Pulse Plating
A63: IC1751_CatPC8_AnoPC8_rho1282_1.3ppm_Fe_7-8 | B63: Julie | C63: Tamas | D63: Marcus | E63: 168 | F63: _QC_IC_168h_v1.xml | G63: Custom | H63: 46160 | J63: Julie Pulse Plating

Sheet H2-Giga
A1: IC_ID | B1: Owner | C1: Assembled by | D1: Disassembled by | E1: Test length [h] | F1: Protocol | G1: Format | H1: Experiment finished on | I1: Notes | J1: Archived in | K1: Plot
A2: IC0766_CatT3A9k2_AnoA9k2T3_rho1279_3-5 | B2: Paolo | C2: Tamas | D2: Oniel | E2: 168 | F2: QC_IC_168h_v1 | G2: Custom | H2: 45860 | I2: Preheated beaker and KOH, T3 Porous transport layer 1 of 2, IC 1 Cathode IC 4 Anode | J2: H2 Giga Mesh vs. Foam
A3: IC0767_CatT3A9k4_AnoA9k4T3_rho1279_3-6 | B3: Paolo | C3: Tamas | D3: Oniel | E3: 168 | F3: QC_IC_168h_v1 | G3: Custom | H3: 45860 | I3: Preheated beaker and KOH, T3 Porous transport layer 1 of 2, IC 1 Cathode IC 4 Anode | J3: H2 Giga Mesh vs. Foam
A4: IC0768_CatT3A9k8_AnoA9k8T3_rho1279_3-7 | B4: Paolo | C4: Tamas | D4: Oniel | E4: 168 | F4: QC_IC_168h_v1 | G4: Custom | H4: 45860 | I4: Preheated beaker and KOH, T3 Porous transport layer 1 of 2, IC 1 Cathode IC 4 Anode | J4: H2 Giga Mesh vs. Foam
A5: IC0769_CatT3A9k12_AnoA9k12T3_rho1279_3-8 | B5: Paolo | C5: Peter | D5: Oniel | E5: 168 | F5: QC_IC_168h_v1 | G5: Custom | H5: 45860 | I5: Preheated beaker and KOH, T3 Porous transport layer 1 of 2, IC 1 Cathode IC 4 Anode | J5: H2 Giga Mesh vs. Foam
A6: IC0781_CatT3A9k12_AnoA9k12T3_rho1279_1-1 | B6: Paolo | C6: Oniel | D6: Bardia | E6: 168 | F6: _QC_IC_168h_v1 | G6: Custom | H6: 45868 | I6: Preheated beaker and KOH | J6: H2 Giga Mesh vs. Foam
A7: IC0780_CatT3A9k8_AnoA9k8T3_rho1279_1-2 | B7: Paolo | C7: Tamas | D7: Bardia | E7: 168 | F7: _QC_IC_168h_v1 | G7: Custom | H7: 45868 | I7: Preheated beaker and KOH | J7: H2 Giga Mesh vs. Foam
A8: IC0784_CatT3A5k8_AnoA5k8T3_rho1279_3-5 | B8: Paolo | C8: Carmine | D8: Jesper | E8: 168 | F8: _QC_IC_168h_v1 | G8: Custom | H8: 45870 | I8: Preheated beaker and KOH | J8: H2 Giga Mesh vs. Foam
A9: IC0785_CatT3A5k8_AnoA5k8T3_rho1279_3-6 | B9: Paolo | C9: Carmine | D9: Jesper | E9: 168 | F9: _QC_IC_168h_v1 | G9: Custom | H9: 45870 | I9: Preheated beaker and KOH | J9: H2 Giga Mesh vs. Foam
A10: IC0783_CatT3A5k12_AnoA5k12T3_rho1279_3-8 | B10: Paolo | C10: Carmine | D10: Jesper | E10: 168 | F10: _QC_IC_168h_v1 | G10: Custom | H10: 45870 | I10: Preheated beaker and KOH | J10: H2 Giga Mesh vs. Foam
A11: IC0782_CatT3A5k12_AnoA5k12T3_rho1279_3-7 | B11: Paolo | C11: Carmine | D11: Jesper | E11: 168 | F11: _QC_IC_168h_v1 | G11: Custom | H11: 45870 | I11: Preheated beaker and KOH | J11: H2 Giga Mesh vs. Foam

Sheet MLF
A1: IC_ID | B1: Owner | C1: Assembled by | D1: Disassembled by | E1: Test length [h] | F1: Protocol | G1: Format | H1: Experiment finished on | I1: Notes | J1: Archived in | K1: Plot
A2: IC0123_CatNNF_AnoSPR11_T90_rho1287_AUX1Cat_AUX2Ano_3-6 | B2: MLF | E2: 224 | G2: Both | H2: 31/10/2024 | J2: MLF samples | K2: IC0123_CatNNF_AnoSPR11_T90_rho1287_AUX1Cat_AUX2Ano_3-6.png
A3: IC0122_CatNNF_AnoSPR60_T90_rho1287_AUX1Cat_AUX2Ano_2-8 | B3: MLF | E3: 1003 | G3: Both | H3: 45363 | K3: IC0122_CatNNF_AnoSPR60_T90_rho1287_AUX1Cat_AUX2Ano_2-8.png
A4: IC0308_CatSPR70_AnoSPR70_rho1279_AUX1Cat_AUXAno_1-6 | B4: MLF | C4: MLF | D4: Gergo | E4: 180 | G4: Both | H4: 45712 | J4: MLF samples | K4: IC0308_CatSPR70_AnoSPR70_rho1279_AUX1Cat_AUXAno_1-6.png
A5: IC0309_CatNNF_AnoNNF_rho1279_AUX1Cat_AUXAno_1-7 | B5: MLF | C5: MLF | D5: Gergo | E5: 180 | G5: Both | H5: 45712 | K5: IC0309_CatNNF_AnoNNF_rho1279_AUX1Cat_AUXAno_1-7.png

Sheet Sulfidized
A1: IC_ID | B1: Owner | C1: Assembled by | D1: Disassembled by | E1: Test length [h] | F1: Protocol | G1: Format | H1: Experiment finished on | I1: Notes | J1: Archived in | K1: Plot | L1: Synthesis recipe (liq/gas) | M1: Synthesis time (h) | N1: Synthesis temperature (°C) | O1: Coating test on (anode/cathode/both)
A2: CatAWJ_004, AnoNNF | B2: Anders | C2: Anders | D2: Anders | E2: 144 | H2: 22/02/2023 | I2: At time = 240 hours, the temperature was changed from 80 to 85 C. | K2: IC0002_CatAWJ004_AnoNNF_T80_rho1191_AUX1Cat_AUX2Ano | M2: 2 | N2: 100 | O2: Cathode
A3: CatAWJ_006, AnoNNF | B3: Anders | C3: Anders | D3: Anders | E3: 72 | H3: 16/02/2023 | I3: stopped, 80C | K3: IC0001_CatAWJ006_AnoNNF_T80_rho1217_AUX1Ano_AUX2Cat | M3: 2 | N3: 75 | O3: Cathode
A4: CatAWJ_007, AnoNNF | B4: Anders | C4: Anders | D4: Anders | E4: 72 | H4: 16/02/2023 | I4: backplate the other way around, 80C | K4: IC0001_CatAWJ007_AnoNNF0000_T80_rho1217_AUX1Cat_AUX2Ano | M4: 1 | N4: 75 | O4: Cathode
A5: CatAWJ_008, AnoNNF | B5: Anders | C5: Anders | D5: Anders | E5: 384 | H5: 44929 | I5: Long time, 93C | K5: IC0001_CatAWJ008_AnoNNF_T93_rho1217_AUX1Ano_AUX2Cat_old | M5: 2 | N5: 75 | O5: Cathode
A6: CatAWJ_010, AnoNNF | B6: Anders | C6: Anders | D6: Anders | E6: 48 | H6: 16/02/2023 | I6: 80C | K6: IC0001_CatAWJ010_AnoNNF_T80_rho1217_AUX1NaN_AUX2NaN | M6: 3 | N6: 75 | O6: Cathode
A7: CatAWJ_011, AnoNNF | B7: Anders | C7: Anders | D7: Anders | E7: 120 | H7: 20/02/2023 | I7: Stirring switched on after XX hours, 20/2/2023 at 10am, 80C | K7: IC0001_CatAWJ011_AnoNNF_T80_rho1217_AUX1Ano_AUX2Cat | M7: 3 | N7: 75 | O7: Cathode
A8: CatAWJ_013, AnoNNF | B8: Anders | C8: Anders | D8: Anders | E8: 24 | I8: 80C | K8: IC003_CatAWJ0013_AnoNNF_T80_rho1191_AUX1NaN_AUX2NaN | M8: 2 | N8: 75 | O8: Cathode
A9: CatAWJ_015, AnoNNF | B9: Anders | C9: Anders | D9: Anders | E9: 168 | H9: 27/02/2023 | I9: stopped, 90C | K9: IC0001_CatAWJ015_AnoNNF_T90_rho1191_AUX1NaN_AUX2NaN | M9: 2 | N9: 100 | O9: Cathode
A10: CatNNF, AnoAWJ_016 | B10: Anders | C10: Anders | D10: Anders | E10: 84 | H10: 20/02/2023 | K10: IC0001_CatNNF_AnoAWJ016_T80_rho1191_AUX1Cat_AUX2Ano | M10: 2 | N10: 75 | O10: Anode
A11: CatAWJ_018, AnoAWJ_017 | B11: Anders | C11: Anders | D11: Anders | E11: 240 | H11: 28/02/2023 | I11: 83C | K11: IC0001_CatAWJ018_AnoAWJ017_T83_rho1191_AUX1Ano_AUX2Cat | M11: 2 | N11: 75 | O11: Both
A12: CatAWJ_026, AnoAWJ_025 | B12: Anders | C12: Anders | D12: Anders | E12: 336 | H12: 15/03/2023 | K12: IC0025_CatAWJ026_AnoAWJ25_T85_rho1191_AUX1Cat_AUX2Ano | M12: 2 | N12: 65 | O12: Both
A13: CatNNF, AnoAWJ_027 | B13: Anders | C13: Anders | D13: Anders | E13: 288 | H13: 13/03/2023 | I13: temperature off from day 2 to 7, 92C | K13: IC0001_CatNNF_AnoAWJ27_T92_rho1191_AUX1NaN_AUX2NaN | M13: 2 | N13: 75 | O13: Anode
A14: CatAWJ_029, AnoAWJ_052 | B14: Anders | C14: Anders | D14: Anders | E14: 288 | M14: 2 | N14: 100 | O14: Both
A15: CatAWJ_036, AnoAWJ_037 | B15: Soffi | C15: Soffi | D15: Soffi | E15: 192 | H15: 24/03/2023 | I15: both electrodes ex-situ H2S 2h@87C without AUX, 85C | K15: IC0036_CatAWJ036_AnoAWJ037_T85_rho1244_AUX1NaN_AUX2NaN | M15: 2 | N15: 87 | O15: Both
A16: CatAWJ_038, AnoAWJ_039 | B16: Anders | C16: Anders | D16: Anders | E16: 336 | H16: 29/03/2023 | I16: test, 80C | K16: IC0038_CatAWJ038_AnoAWJ039_T80_rho1244_AUX1Cat_AUX2Ano | M16: 2 | N16: 87 | O16: Both
A17: CatAWJ_042, AnoNNF | B17: Anders | C17: Anders | D17: Anders | E17: 240 | H17: 27/03/2023 | I17: 96C | K17: IC0001_CatAWJ42_AnoNNF_T96_rho1244_AUX1Cat_AUX2Ano | M17: 2 | N17: 87 | O17: Cathode
A18: CatAWJ_044, AnoAWJ_045 | B18: Anders | C18: Anders | D18: Anders | E18: 168 | H18: 24/03/2023 | I18: 85C, ex-situ H2S 2h@87C, Only AUX on ano, cathode LP broke during assembly, addition of water after 6 days | K18: IC0002_CatAWJ044_AnoAWJ045_T85_rho1244_AUX1Ano_AUX2NaN | M18: 2 | N18: 87 | O18: Both
A19: CatAWJ_050, AnoAWJ_051 | B19: Anders | C19: Anders | D19: Anders | E19: 168 | M19: 2 | N19: 100 | O19: Both
A20: CatAWJ_057, AnoAWJ_056 | B20: Anders | C20: Anders | D20: Anders | E20: 480 | H20: 45174 | I20: 82C | K20: IC050523_CatAWJ057_AnoAWJ056_T82_rho1231_AUX1Ano_AUX2Cat | M20: 2 | N20: 65 | O20: Both
A21: CatAWJ_059, AnoAWJ_060 | B21: Anders | C21: Anders | D21: Anders | E21: 168 | M21: 2 | N21: 65 | O21: Both
A22: CatAWJ_062, AnoAWJ_063 | B22: Anders | C22: Anders | D22: Anders | E22: 168 | H22: 19/04/2023 | I22: 85C | K22: IC0001_CatAWJ063_AnoAWJ062_T85_rho1241_AUX1Ano_AUX2Cat | M22: 2 | N22: 75 | O22: Both
A23: CatAWJ_065, AnoAWJ_064 | B23: Soffi | C23: Soffi | D23: Soffi | E23: 420 | H23: 44931 | I23: 90C, 50 mL/min | J23: Gergo IC samples | K23: IC0105_CatAWJ065_AnoAWJ064_T90_rho1231_AUX1Ano_AUX2Cat | M23: 2 | N23: 75 | O23: Both
A24: CatAWJ_007, AnoAWJ_066 | B24: Soffi | C24: Soffi | D24: Soffi | E24: 420 | H24: 44931 | I24: 85C | K24: IC0105_CatAWJ007_AnoAWJ066_T85_rho1231_AUX1Ano_AUX2Cat | M24: 2 | N24: 75 | O24: Both
A25: CatAWJ_069, AnoAWJ_068 | B25: Soffi | C25: Soffi | D25: Soffi | E25: 480 | H25: 45174 | I25: 88C | K25: IC050523_CatAWJ069_AnoAWJ068_T88_rho1231_AUX1Ano_AUX2Cat | M25: 2 | N25: 75 | O25: Both
A26: CatAWJ_077, AnoAWJ_072 | B26: Soffi | C26: Soffi | D26: Soffi | E26: 336 | H26: 17/05/2023 | I26: 99C test | K26: IC1705_CatAWJ077_AnoAWJ072_T90_rho1269_AUX1NaN_AUX2NaN | M26: 17 | N26: 75 | O26: Both
A27: CatAWJ_073, AnoAWJ_075 | B27: Soffi | C27: Soffi | D27: Soffi | E27: 480 | H27: 23/05/2023 | K27: IC2305_CatAWJ073_Ano075_T90_rho1269_AUX1Cat_AUX2Ano | M27: 4 | N27: 75 | O27: Both
A28: CatAWJ_078, AnoAWJ_076 | B28: Soffi | C28: Soffi | D28: Soffi | E28: 480 | H28: 23/05/2023 | K28: IC2305_CatAWJ078_AnoAWJ076_T90_rho1269_AUX1Cat_AUX2Ano | M28: 6 | N28: 75 | O28: Both
A29: CatAWJ_076, AnoNNF | B29: Soffi | C29: Soffi | D29: Soffi | E29: 72 | H29: 16/02/2023 | K29: ProcessedData_IC0001_CatAWJ0076_AnoNNF_T80_rho1217_AUX1Ano_AUX2Cat.csv | M29: 6 | N29: 75 | O29: Cathode
A30: CatAWJ_081, AnoAWJ_079 | B30: Soffi | C30: Soffi | D30: Soffi | E30: 312 | H30: 22/06/2023 | I30: 90C, 0.5 A current density 400 min | K30: IC2206-0.5Acm2_CatAWJ081_AnoAWJ0079_T90_rho1237_AUX1NaN_AUX2Ano | M30: 8 | N30: 75 | O30: Both
A31: CatAWJ_007, AnoAWJ_066 second | B31: Anders | C31: Anders | D31: Anders | E31: 480 | H31: 23/05/2023 | I31: 50 mL/min | K31: IC2305second_CatAWJ007_AnoAWJ066_T90_rho1269_AUX1Cat_AUX2Ano | M31: 2 | N31: 75 | O31: Both
A32: CatAWJ_080, AnoAWJ_074 | B32: Anders | C32: Anders | D32: Anders | E32: 336 | H32: 26/05/2023 | I32: 88C | K32: IC2605_CatAWJ080_AnoAWJ074_T88_rho1287_AUX1Cat_AUX2Ano | M32: 17 | N32: 75 | O32: Both
A33: CatAWJ_081, AnoAWJ_083 | B33: Anders | C33: Anders | D33: Anders | E33: 336 | H33: 26/05/2023 | I33: 87C | K33: IC2605_CatAWJ081_AnoAWJ083_T87_rho1287_AUX1Cat_AUX2Ano | M33: 8 | N33: 75 | O33: Both
A34: CatAWJ_084, AnoAWJ_082 | B34: Anders | C34: Soffi | D34: Soffi | E34: 336 | H34: 26/05/2023 | I34: 90C | K34: IC2605_CatAWJ084_AnoAWJ082_T90_rho1287_AUX1Cat_AUX2Ano | M34: 17 | N34: 75 | O34: Both
A35: CatAWJ_081, AnoAWJ_079 | B35: Anders | C35: Anders | D35: Anders | E35: 96 | I35: 90C | K35: IC2606_CatAWJ081_AnoAWJ079_T90_rho1227_AUX1Cat_AUX2Ano | M35: 8 | N35: 79 | O35: Both
A36: CatAWJ_094, AnoAWJ_095 | B36: Soffi | C36: Soffi | D36: Soffi | E36: 168 | H36: 45116 | I36: 90C | K36: IC0001_CatAWJ94_AnoAWJ95_T90_rho1287_AUX1ano_AUX2cat | M36: ? | N36: ? | O36: Both
A37: CatAWJ_106, AnoAWJ_107 | B37: Anders | C37: Soffi | D37: Soffi | E37: 288 | H37: 45445 | I37: 90C | K37: IC0602_CatAWJ106_AnoAWJ107_T90_rho1282_AUX1Cat_AUX2Ano | M37: 2 | N37: 50 | O37: Both
A38: CatAWJ_108, AnoAWJ_109 | B38: Anders | C38: Soffi | D38: Soffi | E38: 288 | H38: 45445 | I38: 90C | K38: IC0602_CatAWJ108_AnoAWJ109_T90_rho1282_AUX1Cat_AUX2Ano | M38: 2 | N38: 75 | O38: Both
A39: CatAWJ_111, AnoAWJ_110 | B39: Anders | C39: Soffi | D39: Soffi | E39: 288 | H39: 45445 | I39: 90C | K39: IC0602_CatAWJ111_AnoAWJ110_T90_rho1282_AUX1Cat_AUX2Ano | M39: 2 | N39: 75 | O39: Both
A40: CatAWJ_113, AnoNNF | B40: Anders | C40: Soffi | D40: Soffi | E40: 240 | H40: 45445 | I40: 90C | K40: IC0602_CatAWJ113_AnoNNF_T90_rho1282_AUX1Cat_AUX2Ano | M40: 2 | N40: 75 | O40: Cathode
A41: CatAWJ_115, AnoAWJ_114 | B41: Anders | C41: Soffi | D41: Soffi | E41: 240 | H41: 45445 | I41: 90C | K41: IC0602_CatAWJ115_AnoAWJ114_T90_rho1282_AUX1Cat_AUX2Ano | M41: 2 | N41: 65 | O41: Both
A42: CatAWJ_116, AnoAWJ_117 | B42: Anders | C42: Soffi | D42: Soffi | E42: 168 | H42: 45445 | I42: 90C | K42: IC0602_CatAWJ116_AnoAWJ117_T90_rho1282_AUX1Cat_AUX2Ano | M42: 2 | N42: 75 | O42: Both
A43: CatSESO016, AnoSESO016 | B43: Soffi | C43: Soffi | D43: Soffi | E43: 420 | H43: 17/10/2023 | I43: 90C, new protocol | K43: IC1710_CatSESO016_AnoSESO016_T90_rho1287_AUX1NaN_AUX2NaN | M43: 17 | N43: 75 | O43: Both
A44: IC0001_CatHS14_AnoHS11_T90_rho1287_AUX1NaN_AUX2NaN_2-7 | B44: Soffi | E44: 473 | F44: 0_ImmersionCellStandardProcedure_DN | G44: Both | H44: 21/08/2024 | K44: IC0001_CatHS14_AnoHS11_T90_rho1287_AUX1NaN_AUX2NaN_2-7.png
A45: IC0082_CatHS14_AnoHS11_T90_rho1287_AUX1NaN_AUX2NaN_2-7 | B45: Soffi | E45: 976 | F45: 0_ImmersionCellStandardProcedure_DN | G45: Both | H45: 07/10/2024 | I45: Plot from ultralong, data avaliable in two files | K45: IC0082_CatHS14_AnoHS11_T90_rho1287_AUX1NaN_AUX2NaN_2-7.png
A46: IC0083_AnoHS16_CatHS19_T90_rho1287_AUX1Nan_AUX2NaN_2-5 | B46: Soffi | E46: 333 | F46: 0_ImmersionCellStandardProcedure_DN | G46: Both | H46: 07/10/2024 | I46: Plot from ultralong, data avaliable in two files | K46: IC0083_AnoHS16_CatHS19_T90_rho1287_AUX1Nan_AUX2NaN_2-5.png
A47: IC0092_CatHS21_AnoHS20_T90_rho1287_AUX1Nan_AUX2NaN_1-3 | B47: Ákos | E47: 980 | F47: 0_ImmersionCellStandardProcedure_DN | G47: Both | H47: 23/10/2024 | I47: 4h, 110C | K47: IC0092_CatHS21_AnoHS20_T90_rho1287_AUX1Nan_AUX2NaN_1-3.png
A48: IC0108_AnoNFE_HS1_CatNFE_HS6_T90_rho1287_AUX1Nan_AUX2NaN_1-2 | B48: Ákos | E48: 618 | F48: 0_ImmersionCellStandardProcedure_DN | G48: Both | I48: Temperature fluctuations | J48: HS-NFE-MSH | K48: IC0108_AnoNFE_HS1_CatNFE_HS6_T90_rho1287_AUX1Nan_AUX2NaN_1-2.png
A49: IC0109_AnoNFE_HS4_CatNFE_HS5_T90_rho1287_AUX1Nan_AUX2NaN_3-5 | B49: Ákos | E49: 1120 | F49: 0_ImmersionCellStandardProcedure_DN | G49: Both | K49: IC0109_AnoNFE_HS4_CatNFE_HS5_T90_rho1287_AUX1Nan_AUX2NaN_3-5.png
A50: IC0110_CatHS34_AnoHS35_T90_rho1287_AUX1NaN_AUX2_NaN_3-1 | B50: Ákos | E50: 378 | F50: 0_ImmersionCellStandardProcedure_DN | G50: Both | J50: HS-NFE-MSH | K50: IC0110_CatHS34_AnoHS35_T90_rho1287_AUX1NaN_AUX2_NaN_3-1.png
A51: IC0111_CatHS32_AnoHS33_T90_rho1287_AUX1NaN_AUX2_NaN_3-3 | B51: Ákos | E51: 378 | F51: 0_ImmersionCellStandardProcedure_DN | G51: Both | J51: HS-NFE-MSH | K51: IC0111_CatHS32_AnoHS33_T90_rho1287_AUX1NaN_AUX2_NaN_3-3.png
A52: IC0112_CatHS30_AnoHS31_T90_rho1287_AUX1NaN_AUX2NaN_3-4 | B52: Ákos | E52: 378 | F52: 0_ImmersionCellStandardProcedure_DN | G52: Both | I52: 4h 110C, cathode was damaged, partialy stuck to membrane | J52: HS-NFE-MSH | K52: IC0112_CatHS30_AnoHS31_T90_rho1287_AUX1NaN_AUX2NaN_3-4.png
A53: IC0116_AnoNNFNFE_CatNNFNFE_T90_rho1287_AUX1Nan_AUX2NaN_70%porosityNFE_2-4 | B53: Ákos | E53: 840 | F53: 0_ImmersionCellStandardProcedure_DN | G53: Both | J53: HS-NFE-MSH | K53: IC0116_AnoNNFNFE_CatNNFNFE_T90_rho1287_AUX1Nan_AUX2NaN_70% porosity NFE_2-4.png
A54: IC0117_CatNNFNFE_AnoNNFNFE_T90_rho1287_AUX1Ano_AUX2_Cat_1-6_70%porosityNFE | B54: Ákos | E54: 448 | F54: 0_ImmersionCellStandardProcedure_DN | G54: Both | H54: 30/10/2024 | J54: HS-NFE-MSH | K54: IC0117_CatNNFNFE_AnoNNFNFE_T90_rho1287_AUX1Ano_AUX2_Cat_1-6 - 70% porosity NFE.png
A55: IC0129_AnoNNFNFE_CatNNFNF_T90_rho1287_AUX1Nan_AUX2NaN_70%porosityNFE_1-1 | B55: Ákos | E55: 378 | F55: 0_ImmersionCellStandardProcedure_DN | G55: Both | H55: 30/10/2024 | J55: HS-NFE-MSH | K55: IC0129_AnoNNFNFE_CatNNFNF_T90_rho1287_AUX1Nan_AUX2NaN_70% porosity NFE_1-1.png
A56: IC0137_Cat4XMSH_Ano4XMSH_T90_rho1287_AUX1Ano_AUX2_Cat_1-6 | B56: Ákos | E56: 336 | F56: 0_ImmersionCellStandardProcedure_DN | G56: Both | J56: HS-NFE-MSH | K56: IC0137_Cat4XMSH_Ano4XMSH_T90_rho1287_AUX1Ano_AUX2_Cat_1-6.png
A57: IC0138_CatMHS2_XM+3XMSH_AnoMHS1_XM+3XMSH_T90_rho1287_AUX1Ano_AUX2_Cat_1-1 | B57: Ákos | E57: 336 | F57: 0_ImmersionCellStandardProcedure_DN | G57: Both | J57: HS-NFE-MSH | K57: IC0138_CatMHS2_XM+3XMSH_AnoMHS1_XM+3XMSH_T90_rho1287_AUX1Ano_AUX2_Cat_1-1.png
A58: IC0081_CatHS16_AnoNNF_T90_rho1240_AUX1NaN_AUX2NaN-CH13 | B58: Ákos | E58: 570 | F58: 0_ImmersionCellStandardProcedure_DN | G58: Regular | H58: 45331 | I58: another IC0081 exists on gen3car-gen2 sheet | K58: IC0081_CatHS16_AnoNNF_T90_rho1240_AUX1NaN_AUX2NaN-CH13.png
A59: IC0162_CatNNF_AnoLS1_T90_rho1287_AUX1NaN_AUX2NaN_3-3 | B59: Soffi | E59: 67 | F59: 0_ImmersionCellStandardProcedure_DN | G59: Both | H59: 21/11/2024 | J59: LS - lig sulf | K59: IC0162_CatNNF_AnoLS1_T90_rho1287_AUX1NaN_AUX2NaN_3-3.png
A60: IC0159_AnoNFE_HS4_CatNFE_HS5_T90_rho1287_AUX1Nan_AUX2NaN_1-1-CHANGED ELECTROLYTE | B60: Anders | E60: 168 | F60: 0_ImmersionCellStandardProcedure_DN | G60: Both | H60: 21/11/2024 | I60: 17h 110C, changed electrolyte | J60: HS-NFE-MSH | K60: IC0159_AnoNFE_HS4_CatNFE_HS5_T90_rho1287_AUX1Nan_AUX2NaN_1-1-CHANGED ELECTROLYTE.png
A61: IC0179_CatHSs27cm_AnoHSs41cm_rho1287_AUX1NaN_AUX2NaN_1-2 | B61: Soffi | E61: 184 | F61: 0_ImmersionCellStandardProcedure_DN | G61: Both | H61: 45394 | K61: IC0179_CatHSs27cm_AnoHSs41cm_rho1287_AUX1NaN_AUX2NaN_1-2.png
A62: IC0124_CatNNF+NFEH2S-S1_AnoNNF+NFEH2S-S1_T90_rho1287_AUX1NaN_AUX2_NaN_3-1 | B62: Anders | E62: 1008 | F62: 0_ImmersionCellStandardProcedure_DN | G62: Both | H62: 45394 | J62: HS-NFE-MSH | K62: IC0124_CatNNF+NFEH2S-S1_AnoNNF+NFEH2S-S1_T90_rho1287_AUX1NaN_AUX2_NaN_3-1.png
A63: IC0180_CatHSs14cm_AnoHSs54cm_rho1287_AUX1NaN_AUX2NaN_1-3 | B63: Akos | E63: 161 | F63: 0_ImmersionCellStandardProcedure_DN | G63: Both | H63: 45394 | J63: HS-NFE-MSH | K63: IC0180_CatHSs14cm_AnoHSs54cm_rho1287_AUX1NaN_AUX2NaN_1-3.png
A64: IC0162_CatNNF_AnoLS1_T90_rho1287_AUX1NaN_AUX2NaN_3-3 | B64: Soffi | E64: 55 | F64: 0_ImmersionCellStandardProcedure_DN | G64: Both | H64: 45617 | I64: Glycerin, cysteine, 100C, 17h
A65: IC0212_CatLS3_AnoLS3_rho1287_AUX1NaN_AUX2NaN_2-5 | B65: Soffi | E65: 504 | F65: 0_ImmersionCellStandardProcedure_DN | G65: Both | H65: 45870 | I65: isopropanol, cysteine, 125C, 4h | K65: IC0212_CatLS3_AnoLS3_rho1287_AUX1NaN_AUX2NaN_2-5.png
A66: IC0244_CatLS4b_AnoLS4a_rho1287_AUX1NaN_AUX2NaN_1-2 | B66: Soffi | E66: 235 | F66: 0_ImmersionCellStandardProcedure_DN | G66: Both | H66: 23/01/2025 | I66: isopropanol, cysteine, 150C, 4h | J66: LS - lig sulf
A67: IC0245_CatLS5b_AnoLS5a_rho1287_AUX1NaN_AUX2NaN_1-3 | B67: Soffi | E67: 235 | F67: 0_ImmersionCellStandardProcedure_DN | G67: Both | H67: 23/01/2025 | I67: isopropanol, thiourea, 150C, 4h | J67: LS - lig sulf
A68: IC0172_CatNFE-HS7_AnoNFE-HS8_rho1287_AUX1NaN_AUX2Ano_NaN_1-1 | B68: Akos | E68: 1300 | F68: 0_ImmersionCellStandardProcedure_DN | G68: Both | H68: 15/01/2025 | I68: 17h, 110C | J68: HS-NFE-MSH | K68: IC0172_CatNFE-HS7_AnoNFE-HS8_rho1287_AUX1NaN_AUX2Ano_NaN_1-1.png
A69: IC0265_CatHS_LP2_AnoNNF_rho1287_AUX1NaN_AUX2NaN_2-7 | B69: Paolo | E69: 168 | F69: QC_IC_168h_v1 | G69: Both | H69: 45718 | I69: 17h, 110C | J69: H2 electrodes PLD | K69: IC0265_CatHS_LP2_AnoNNF_rho1287_AUX1NaN_AUX2NaN_2-7.png
A70: IC0284_CatNNF_AnoHS_LP6_rho1287_AUX1NaN_AUX2NaN_1-3 | B70: Paolo | D70: Andrea | E70: 168 | F70: QC_IC_168h_v1 | G70: Both | H70: 45963 | I70: 17h, 110C | J70: HS-NFE-MSH | K70: IC0284_CatNNF_AnoHS_LP6
A71: IC0264_CatHS_LP1_AnoNNF_rho1287_AUX1NaN_AUX2NaN_2-8 | B71: Paolo | E71: 168 | F71: QC_IC_168h_v1 | G71: Both | H71: 45749 | I71: 17h, 110C | J71: HS-NFE-MSH | K71: IC0264_CatHS_LP1_AnoNNF_rho1287_AUX1NaN_AUX2NaN_2-8.png
A72: IC0307_CatNNF_AnoHS_LP5_rho1287_AUX1NaN_AUX2NaN_1-5 | B72: Paolo | C72: Akos | D72: Gergo | E72: 168 | F72: QC_IC_168h_v1 | G72: Both | H72: 45712 | J72: H2 electrodes PLD
A73: IC0347_CatHS-FC1C_AnoHS-FC1A_rho1276_AUX1Cat_AUX2Ano_1-2 | B73: Akos | C73: Akos | D73: Akos | E73: 250 | F73: 0_ImmersionCellStandardProcedure_DN | G73: Both | J73: HS-NFE-MSH | K73: IC0347_CatHS-FC1C_AnoHS-FC1A.png
A74: IC0421_CatLS9c_AnoLS9a_rho1276_AUX1NaN_AUX2NaN_2-7 | B74: Soffi | C74: Nerea | D74: Andrea | E74: 115 | F74: 0_ImmersionCellStandardProcedure_DN | G74: Both | H74: 45713 | I74: sofficheck | K74: IC0421_CatLS9c_AnoLS9a_rho1276_AUX1NaN_AUX2NaN_2-7.png
A75: IC0422_CatLS10c_AnoLS10a_rho1276_AUX1NaN_AUX2NaN_2-8 | B75: Soffi | C75: Nerea | D75: Julie | E75: 115 | F75: 0_ImmersionCellStandardProcedure_DN | G75: Both | H75: 45713 | I75: sofficheck | K75: IC0422_CatLS10c_AnoLS10a_rho1276_AUX1NaN_AUX2NaN_2-8.png
A76: IC0416_CatLS7c_AnoLS7a_rho1276_AUX1NaN_AUX2NaN_1-1 | B76: Soffi | C76: Andrea | D76: Akos | E76: 207 | F76: 0_ImmersionCellStandardProcedure_DN | G76: Both | H76: 45715 | K76: IC0416_CatLS7c_AnoLS7a_rho1276_AUX1NaN_AUX2NaN_1-1.png
A77: IC0448_CatLS15c_AnoLS15a_rho1276_AUX1Cat_AUX2Ano_3-7 | B77: Soffi | C77: Gergo | D77: Jesper | E77: 66 | F77: 0_ImmersionCellStandardProcedure_DN | H77: 45747 | K77: IC0448_CatLS15c_AnoLS15a_rho1276_AUX1Cat_AUX2Ano_3-7.png
A78: IC0449_CatLS15c_AnoLS15a_rho1276_AUX1NaN_Aux2NaN_3-8 | B78: Soffi | C78: Gergo | D78: Jesper | E78: 66 | F78: 0_ImmersionCellStandardProcedure_DN | H78: 45747 | K78: IC0449_CatLS15c_AnoLS15a_rho1276_AUX1NaN_Aux2NaN_3-8.png
A79: IC0417_CatLS6c_AnoLS6a_rho1276_AUX1NaN_AUX2NaN_1-3 | B79: Soffi | C79: Andrea | D79: Nerea | E79: 353 | F79: 0_ImmersionCellStandardProcedure_DN | G79: Both | H79: 45749 | J79: LS - lig sulf | K79: IC0417_CatLS6c_AnoLS6a_rho1276_AUX1NaN_AUX2NaN_1-3.png
A80: IC0437_CatLS8c_AnoLS8a_rho1276_AUX1NaN_AUX2NaN_2-3 | B80: Soffi | C80: Julie | D80: Nerea | E80: 186 | F80: 0_ImmersionCellStandardProcedure_DN | G80: Both | H80: 45749 | I80: Was tightened with 1 Nm instead of 0.45 Nm | J80: LS - lig sulf | K80: IC0437_CatLS8c_AnoLS8a_rho1276_AUX1NaN_Aux2NaN_2-3.png
A81: IC0443_CatHS-FC7C_AnoHS-FC7A_rho1276_AUX1Cat_AUX2Ano_1-1 | B81: Akos | C81: Akos | D81: Akos | E81: 180 | F81: 0_ImmersionCellStandardProcedure_DN | G81: Both | H81: 45751 | I81: flowcell outside the oven, 140C, 100mL/min | J81: HS-NFE-MSH | K81: IC0443_CatHS-FC7C_AnoHS-FC7A.png
A82: IC0434_CatHS-FC6C_AnoHS-FC6A_rho1276_AUX1Cat_AUX2Ano_2-7 | B82: Akos | C82: Akos | D82: Akos | E82: 225 | F82: 0_ImmersionCellStandardProcedure_DN | G82: Both | H82: 45751 | I82: 75 mL/min, 110C | J82: HS-NFE-MSH | K82: IC0434_CatHS-FC6C_AnoHS-FC6A.png
A83: IC0450_CatLS17c_AnoLS17a_rho1276_AUX1NaN_AUX2NaN_3-7 | B83: Soffi | C83: Jesper | D83: Akos | E83: 166 | F83: 0_ImmersionCellStandardProcedure_DN | G83: Both | H83: 45754 | I83: liq sulfided by PhD Andreas with cysteine | J83: LS - lig sulf | K83: IC0450_CatLS17c_AnoLS17a_rho1276_AUX1NaN_AUX2NaN_3-7.png
A84: IC0451_CatLS16c_AnoLS16a_rho1276_AUX1NaN_Aux2NaN_3-8 | B84: Soffi | C84: Jesper | D84: Akos | E84: 166 | F84: 0_ImmersionCellStandardProcedure_DN | G84: Both | H84: 45754 | I84: liq sulfided by PhD Andreas with cysteine | J84: LS - lig sulf | K84: IC0451_CatLS16c_AnoLS16a_rho1276_AUX1NaN_Aux2NaN_3-8_cust.png
A85: IC0452_CatLS13c_AnoLS13a_rho1276_AUX1NaN_Aux2NaN_4-1 | B85: Soffi | C85: Jesper | D85: Nerea | E85: 210 | F85: 0_ImmersionCellStandardProcedure_DN | G85: Both | H85: 45756 | I85: liq sulfided by Anders with cysteine, 150C | J85: LS - lig sulf | K85: IC0452_CatLS13c_AnoLS13a_rho1276_AUX1NaN_Aux2NaN_4-1.png
A86: IC0473_CatLS18C_AnoLS18A_rho1276_AUX1Cat_AUX2Ano_1-1_1of2 | B86: Soffi | C86: Akos | D86: Aleksandra | E86: 237 | F86: 0_ImmersionCellStandardProcedure_DN | G86: Both | H86: 45761 | I86: liq sulfided by Anders with thiourea, 150C | J86: LS - lig sulf | K86: IC0473_CatLS18C_AnoLS18A_rho1276_AUX1Cat_AUX2Ano_1-1_1of2.png | L86: saved electrolyte
A87: IC0479_CatHS-FC10C_AnoHS-FC10A_rho1276_AUX1Cat_AUX2Ano_1-2 | B87: Akos | C87: Akos | D87: Akos | E87: 160 | F87: 0_ImmersionCellStandardProcedure_DN | G87: Both | H87: 45761 | I87: flowcell outside the oven, rt, 100 mL/min, wet membrane, preheated KOH | J87: HS-NFE-MSH | K87: IC0479_CatHS-FC10C_AnoHS-FC10A.png
A88: IC0489_CatLSw1_AnoLSw1_rho1276_AUX1NaN_AUX2NaN-1 | B88: Soffi | C88: Peter Almos | D88: Nerea | E88: 187 | F88: 0_ImmersionCellStandardProcedure_DN | G88: Both | H88: 45763 | I88: 1of1 | J88: LS - lig sulf | K88: IC0489_CatLSw1_AnoLSw1_rho1276_AUX1NaN_AUX2NaN-1.png
A89: IC0498_CatLSW2_AnoLSW2_rho1276_AUX1NaN_AUX2NaN_5-6 | B89: Soffi | C89: Jesper | D89: Akos | E89: 187 | F89: 0_ImmersionCellStandardProcedure_DN | G89: Both | H89: 18/04/2025 | J89: LS - lig sulf | K89: IC0498_CatLSW2_AnoLSW2_rho1276_AUX1NaN_AUX2NaN_5-6.png
A90: IC0535_CatLS19C_AnoLS19A_rho1276_AUX1Ano_AUX2Cat_1-2_pulse | B90: Soffi | C90: Soffi | D90: carmine | E90: 66 | F90: 1_ImmersionAgingProcedure_pulse_DN_Soffi | G90: Both | H90: 45775 | I90: liq sulfided Anders and then pulsed program | J90: LS - lig sulf | K90: IC0535_CatLS19C_AnoLS19A_rho1276_AUX1Ano_AUX2Cat_1-2_pulse.png
A91: IC0529_CatNNF_AnoNNF_rho1276_AUX1NaN_AUX2NaN_2-7 | B91: Akos | C91: Akos | D91: Akos | E91: 136 | F91: 0_ImmersionCellStandardProcedure_DN | G91: custom | H91: 45775 | J91: HS-NFE-MSH | K91: IC0529_CatNNF_AnoNNF_rho1276_AUX1NaN_AUX2NaN_2-7.png
A92: IC0548_CatLS21a_AnoNNF_rho1276_AUX1Cat_AUX2Ano_1-2_1of2 | B92: Soffi | C92: Carmine | D92: Nerea | E92: 46 | F92: 0_ImmersionCellStandardProcedure_DN | G92: custom | H92: 45777 | I92: Decided to stop it because it was running strange (200mV more than replicate) | J92: LS - lig sulf | K92: IC0548_CatLS21a_AnoNNF_rho1276_AUX1Cat_AUX2Ano_1-2_1of2.png
A93: IC0556_CatNNF_AnoNNF_rho1276_AUX1NaN_AUX2NaN_2-7 | B93: Akos | C93: Akos | D93: Aleksandra | E93: 47 | F93: 0_ImmersionCellStandardProcedure_DN | G93: cutom | H93: 45779 | I93: pretreated, preheated KOH | J93: HS-NFE-MSH | K93: IC0556_CatNNF_AnoNNF_rho1276_AUX1NaN_AUX2NaN_2-7.png
A94: IC0506_CatLS20C_AnoLS20A_rho1276_AUX1Cat_AUX2Ano_1-5 | B94: Soffi | C94: Julie | D94: carmine | E94: 500 | F94: 0_ImmersionCellStandardProcedure_DN | G94: both | J94: LS - lig sulf | K94: IC0506_CatLS20C_AnoLS20A_rho1276_AUX1Cat_AUX2Ano_1-5.png | L94: saved electrolyte
A95: IC0552_CatLS21b_AnoNNF_rho1276_AUX1Cat_AUX2Ano_2-3_2of2 | B95: Soffi | C95: Carmine | D95: Aleksandra | E95: 189 | F95: 0_ImmersionCellStandardProcedure_DN | G95: custom | H95: 45783 | J95: LS - lig sulf | K95: IC0552_CatLS21b_AnoNNF_rho1276_AUX1Cat_AUX2Ano_2-3_2of2.png | L95: saved electrolyte
A96: IC0430_CatHS-FC4C_AnoHS-FC4A_rho1276_AUX1Cat_AUX2Ano_2-5 | B96: Akos | C96: Akos | D96: Aleksandra | E96: 1101 | F96: 0_ImmersionCellStandardProcedure_DN | G96: custom | H96: 45783 | I96: 110C, 100mL/min, 14 rounds of coiling | J96: HS-NFE-MSH | K96: IC0430_CatHS-FC4C_AnoHS-FC4A_rho1276_AUX1Cat_AUX2Ano_2-5.png | L96: saved electrolyte
A97: IC0565_CatLS21c_AnoNNF_rho1276_AUX1Cat_AUX2Ano_1-2_3of3 | B97: Soffi | C97: Nerea | D97: Jesper | E97: 190 | F97: 0_ImmersionCellStandardProcedure_DN | H97: 45785 | I97: liquid sulfiding cathode | J97: LS - lig sulf | K97: IC0565_CatLS21c_AnoNNF_rho1276_AUX1Cat_AUX2Ano_1-2_3of3.png | N97: 0,5538g weight cathode
A98: IC0493_CatLS19c_AnoLS19a_rho1276_AUX1Cat_AUX2Ano_4-1 | B98: Soffi | C98: Nerea | D98: Started again | E98: 700 | F98: 0_ImmersionCellStandardProcedure_DN | G98: Both | H98: 45785 | I98: Experiment started again as IC | K98: IC0493_CatLS19c_AnoLS19a_rho1276_AUX1Cat_AUX2Ano_4-1.png
A99: IC0474_CatLS18C_AnoLS18A_rho1276_AUX1Cat_AUX2Ano_1-1_2of2 | B99: Soffi | C99: Akos | E99: 1004 | F99: 0_ImmersionCellStandardProcedure_DN.xml | G99: Custom | H99: 45793 | I99: 2of2 | J99: LS - lig sulf | K99: IC0474_CatLS18C_AnoLS18A_rho1276_AUX1Cat_AUX2Ano_1-1_2of2.png
A100: IC0592_CatLS19c_AnoLS19a_rho1276_AUX1Cat_AUX2Ano_4-1_2of3 | B100: Soffi | C100: Jesper | E100: 1004 | F100: 0_ImmersionCellStandardProcedure_DN.xml | G100: Custom | H100: 45793 | I100: finished after 700 h called IC0493_CatLS19c_AnoLS19a_rho1276_AUX1Cat_AUX2Ano_4-1_2of3 new electrolyte added and new IC number. | J100: LS - lig sulf | K100: IC0592_CatLS19c_AnoLS19a_rho1276_AUX1Cat_AUX2Ano_4-1_2of3.png
...

Sheet Substrate tests
A1: IC_ID | B1: Owner | C1: Assembled by | D1: Disassembled by | E1: Test length [h] | F1: Protocol | G1: Format | H1: Experiment finished on | I1: Notes | J1: Archived in | K1: Plot
A2: IC0195_CatNiMeshKOHActivated_AnoNNF_rho1287_AUX1NaN_AUX2NaN_1-3 | B2: Anders | E2: 168 | F2: QC_IC_168 | G2: Both | H2: 45608 | K2: IC0195_CatNiMeshKOHActivated_AnoNNF_rho1287_AUX1NaN_AUX2NaN_1-3.png
A3: IC0196_CatNiMesh_AnoNNF_rho1287_AUX1NaN_AUX2NaN_1-6 | B3: Filippo | E3: 168 | F3: QC_IC_168 | G3: Both | H3: 45608 | K3: IC0196_CatNiMesh_AnoNNF_rho1287_AUX1NaN_AUX2NaN_1-6.png
A4: IC0197_CatNiFelt70_AnoNNF_rho1287_AUX1NaN_AUX2NaN_3-1 | B4: Filippo | E4: 168 | F4: QC_IC_168 | G4: Both | H4: 45608 | K4: IC0197_CatNiFelt70_AnoNNF_rho1287_AUX1NaN_AUX2NaN_3-1.png
A5: IC0218_CatFelt70_AnoFelt70_rho1287_AUX1NaN_AUX2NaN_1-2 | B5: Anders | E5: 168 | F5: QC_IC_168 | G5: Both | H5: 27/12/2024 | K5: IC0218_CatFelt70_AnoFelt70_rho1287_AUX1NaN_AUX2NaN_1-2.png
A6: IC0217_CatFelt80_AnoFelt80_rho1287_AUX1NaN_AUX2NaN_1-3 | B6: Anders | E6: 168 | F6: QC_IC_168 | G6: Both | H6: 27/12/2024 | K6: IC0217_CatFelt80_AnoFelt80_rho1287_AUX1NaN_AUX2NaN_1-3.png
A7: IC0216_CatS01_W01_AnoS01_W01_rho1287_AUX1NaN_AUX2NaN_1-5 | B7: Filippo | E7: 168 | F7: QC_IC_168 | G7: Both | H7: 27/12/2024 | K7: IC0216_CatS01_W01_AnoS01_W01_rho1287_AUX1NaN_AUX2NaN_1-5.png
A8: IC0215_CatNNFC_W01_AnoNNFA_rho1287_AUX1NaN_AUX2NaN_2-1 | B8: Filippo | E8: 168 | F8: QC_IC_168 | G8: Both | H8: 27/12/2024 | K8: IC0215_CatNNFC_W01_AnoNNFA_rho1287_AUX1NaN_AUX2NaN_2-1.png
A9: IC0214_CatS01_W01_AnoNNFA_rho1287_AUX1NaN_AUX2NaN_2-3 | B9: Filippo | E9: 168 | F9: QC_IC_168 | G9: Both | H9: 27/12/2024 | K9: IC0214_CatS01_W01_AnoNNFA_rho1287_AUX1NaN_AUX2NaN_2-3.png
A10: IC0213_CatS01_Felt80_AnoS01Felt80_rho1287_AUX1NaN_AUX2ANaN_2-4 | B10: Filippo | E10: 168 | F10: QC_IC_168 | G10: Both | H10: 27/12/2024 | K10: IC0213_CatS01_Felt80_AnoS01Felt80_rho1287_AUX1NaN_AUX2ANaN_2-4.png
A11: IC0211_CatFelt80_AnoFelt80_rho1287_AUX1Cat_AUX2Ano_2-7 | B11: Anders | E11: 168 | F11: QC_IC_168 | G11: Both | H11: 27/12/2024 | K11: IC0211_CatFelt80_AnoFelt80_rho1287_AUX1Cat_AUX2Ano_2-7.png
A12: IC0210_CatFelt80_AnoFelt80_rho1287_AUX1NaN_AUX2NaN_2-8 | B12: Anders | E12: 168 | F12: QC_IC_168 | G12: Both | H12: 27/12/2024 | K12: IC0210_CatFelt80_AnoFelt80_rho1287_AUX1NaN_AUX2NaN_2-8.png
A13: IC0219_CatFelt70_AnoFelt70_Rho1287_AUX1NaN_AUX2NaN_1-6 | B13: Anders | E13: 168 | F13: QC_IC_168 | G13: Both | H13: 45659 | K13: IC0219_CatFelt70_AnoFelt70_Rho1287_AUX1NaN_AUX2NaN_1-6.png
A14: IC0220_CatFelt70_AnoFelt70_rho1287_AUX1NaN_AUX2NaN_1-2 | B14: Anders | E14: 168 | F14: QC_IC_168 | G14: Both | H14: 45663 | K14: IC0220_CatFelt70_AnoFelt70_rho1287_AUX1NaN_AUX2NaN_1-2.png
A15: IC0255_CatS01-02030-N4_Ano01-02030-N4_rho1287_AUX1Cat_AUX2Ano_pH4.0_2A_TU60_2-3 | B15: Filippo | E15: 168 | F15: QC_IC_168 | G15: Both | H15: 23/1/2025 | K15: IC0255_CatS01-02030-N4_Ano01-02030-N4_rho1287_AUX1Cat_AUX2Ano_pH4.0_2A_TU60_2-3.png
A16: IC0256_CatS01-02030-N4_Ano01-02030-N4_rho1287_AUX1Cat_AUX2Ano_pH4.0_2A_TU60_2-4 | B16: Filippo | E16: 168 | F16: QC_IC_168 | G16: Both | H16: 23/1/2025 | K16: IC0256_CatS01-02030-N4_Ano01-02030-N4_rho1287_AUX1Cat_AUX2Ano_pH4.0_2A_TU60_2-4.png
A17: IC0271_CatS01_CNF_AnoS01_ANF_rho1287_AUX1NaN_AUX2NaN_1-7 | B17: Filippo | C17: Nerea | D17: Nerea | E17: 168 | F17: QC_IC_168 | G17: Both | H17: 45693 | K17: IC0271_CatS01_CNF_AnoS01_ANF_rho1287_AUX1NaN_AUX2NaN_1-7.png
A18: IC0272_2xCNF_Ano2xANF_rho1287_AUX1NaN_AUX2NaN_3-2 | B18: Filippo | C18: Nerea | D18: Nerea | E18: 188 | F18: QC_IC_168 | G18: Both | H18: 45694 | K18: -
A19: IC0275_CatNF_AnoFenano1_rho1287_AUX1Ano_AUX2NaN_1-2 | B19: Soffi | C19: Soffi | D19: Gergo | E19: 172 | F19: 0_ImmersionCellStandardProcedure_DN | G19: Both | H19: 45695 | K19: IC0275_CatNF_AnoFenano1_rho1287_AUX1Ano_AUX2NaN_1-2.png
